Name,Given_Name,Additional_Name,Family_Name,Yomi_Name,Given_Name_Yomi,Additional_Name_Yomi,Family_Name_Yomi,Name_Prefix,Name_Suffix,Initials,Nickname,Short_Name,Maiden_Name,Birthday,Gender,Location,Billing_Information,Directory_Server,Mileage,Occupation,Hobby,Sensitivity,Priority,Subject,Notes,Language,Photo,Group_Membership,E_mail_1_Type,E_mail_1_Value,E_mail_2_Type,E_mail_2_Value,E_mail_3_Type,E_mail_3_Value,E_mail_4_Type,E_mail_4_Value,IM_1_Type,IM_1_Service,IM_1_Value,Phone_1_Type,Phone_1_Value,Phone_2_Type,Phone_2_Value,Phone_3_Type,Phone_3_Value,Address_1_Type,Address_1_Formatted,Address_1_Street,Address_1_City,Address_1_PO_Box,Address_1_Region,Address_1_Postal_Code,Address_1_Country,Address_1_Extended_Address,Organization_1_Type,Organization_1_Name,Organization_1_Yomi_Name,Organization_1_Title,Organization_1_Department,Organization_1_Symbol,Organization_1_Location,Organization_1_Job_Description,Website_1_Type,Website_1_Value,Website_2_Type,Website_2_Value
Myrvyn Brownett,Kayla,Brownett,mbrownett0,Blondelle,Myrvyn Brownett,Faîtes,Shaun,Fiorenze,Mandie,mbrownett0,mbrownett0,Jobey,Myrvyn,5/12/1983,Female,19th Floor,4041592964506,ID,100,GIS Technical Architect,Banda-Naira Island,Tavu,eZ Publish,"Parisian, Hegmann and Heaney",M,Marathi,Asteraceae,"Stork, greater adjutant",mbrownett0@goo.gl,mbrownett0@wordpress.com,mbrownett0@redcross.org,mbrownett0@fema.gov,mbrownett0@microsoft.com,mbrownett0@rakuten.co.jp,mbrownett0@google.es,mbrownett0@chron.com,47219-300,43353-885,68382-019,202-492-4652,500-129-5733,503-359-5386,955-231-6562,735-907-6329,582-721-0042,Room 457,5799 Fordem Trail,19th Floor,9036 Valley Edge Trail,PO Box 84110,68099 Mifflin Street,CN,NO,4989 Farwell Point,Business Development,Human Resources,Engineering,Research and Development,Human Resources,2684,387 Village Hill,Senior Quality Engineer,Major Pharmaceuticals,CNY,587-49-3591,OREX
Chester Golly,Tanhya,Golly,cgolly1,Daryl,Chester Golly,Mà,Dewey,Renell,Noel,cgolly1,cgolly1,Prissie,Chester,1/30/1998,Female,Suite 53,4041590850460489,IR,5382,Recruiter,Zanjan,Buzzdog,Crystal Xcelsius 2008,Dickens Inc,2XL,Greek,Uncertain Ascomycota Family,Sportive lemur,cgolly1@ucoz.ru,cgolly1@jugem.jp,cgolly1@bing.com,cgolly1@ed.gov,cgolly1@wunderground.com,cgolly1@yolasite.com,cgolly1@washington.edu,cgolly1@nyu.edu,67046-643,17478-713,44924-125,751-101-0088,638-486-3611,583-856-2212,264-562-0334,207-660-8823,196-356-7787,PO Box 94337,613 Packers Park,Apt 1933,0 Bashford Place,Apt 881,27542 Mitchell Center,BJ,PY,67 Havey Way,Human Resources,Human Resources,Training,Accounting,Legal,17,08 Helena Hill,Systems Administrator III,Home Furnishings,XOF,380-94-7886,GPIAU
Dalston Cutmare,Seth,Cutmare,dcutmare2,Reese,Dalston Cutmare,Angèle,Rutter,Susi,Durant,dcutmare2,dcutmare2,Lyell,Dalston,11/23/2007,Male,Apt 501,4041596082628,US,2102,VP Sales,Anaktuvuk Pass,Skaboo,Home Care,Sipes Inc,XS,Northern Sotho,Lamiaceae,"Otter, giant",dcutmare2@ucsd.edu,dcutmare2@oaic.gov.au,dcutmare2@nymag.com,dcutmare2@twitpic.com,dcutmare2@nature.com,dcutmare2@timesonline.co.uk,dcutmare2@cocolog-nifty.com,dcutmare2@elpais.com,37808-384,57844-510,0781-5043,789-526-9154,554-794-4591,733-365-9222,757-991-1341,990-573-5050,785-923-7164,20th Floor,7 Coolidge Street,PO Box 950,446 Melby Street,PO Box 55103,05 Nancy Terrace,CA,EE,6 Farragut Avenue,Research and Development,Sales,Product Management,Services,Product Management,1706,27468 Armistice Circle,General Manager,Electrical Products,CAD,267-91-8468,MRCY
Gearalt Clousley,Nevsa,Clousley,gclousley3,Maurizia,Gearalt Clousley,Danièle,Mayor,Pauletta,Valery,gclousley3,gclousley3,Angelika,Gearalt,2/16/2020,Female,Apt 548,4041592993838340,PH,505,Senior Developer,General Santos,Youtags,WTL,"Marks, Feil and Connelly",S,Amharic,Poaceae,Crimson-breasted shrike,gclousley3@ameblo.jp,gclousley3@cornell.edu,gclousley3@photobucket.com,gclousley3@illinois.edu,gclousley3@usda.gov,gclousley3@rakuten.co.jp,gclousley3@businessweek.com,gclousley3@paypal.com,53499-1094,0615-7716,24658-302,556-299-3058,119-407-6391,648-336-5126,377-778-0602,359-991-9419,699-152-5001,9th Floor,83812 Northview Pass,Apt 776,10 Northfield Road,Room 993,0302 Merchant Circle,ID,PL,8821 Sundown Center,Services,Legal,Services,Accounting,Services,85,57 Porter Road,Quality Engineer,Business Services,IDR,482-53-6176,SAJA
Garret Soots,Mimi,Soots,gsoots4,Wenona,Garret Soots,Léonore,Porter,Zola,Lorrin,gsoots4,gsoots4,Isabelita,Garret,7/9/1980,Female,Suite 47,4041595316225,CO,900,Health Coach IV,Paz De Ariporo,Browseblab,Sponsorship,Hettinger LLC,S,Romanian,Cyperaceae,Honey badger,gsoots4@shareasale.com,gsoots4@admin.ch,gsoots4@ebay.com,gsoots4@diigo.com,gsoots4@newsvine.com,gsoots4@netscape.com,gsoots4@chicagotribune.com,gsoots4@unicef.org,58318-003,41520-376,43742-0495,581-669-6450,480-760-6629,871-712-3924,127-208-1973,784-100-3930,114-612-0856,Suite 95,74062 Mosinee Hill,7th Floor,6130 Briar Crest Parkway,11th Floor,66 Reinke Point,ID,CN,4 Golf Course Park,Research and Development,Training,Services,Product Management,Human Resources,459,5627 Vidon Hill,VP Marketing,Major Chemicals,IDR,617-57-1886,VSM
Robinson Shoute,Waylon,Shoute,rshoute5,Vaughan,Robinson Shoute,Rachèle,Perren,Ralina,Massimiliano,rshoute5,rshoute5,Andrej,Robinson,5/10/1963,Male,Room 825,4041597308346657,CU,335,Analyst Programmer,Ciego de Avila,Thoughtworks,Emotional Intelligence,Hills Group,3XL,Italian,Araceae,"Viper, egyptian",rshoute5@prweb.com,rshoute5@google.it,rshoute5@goo.ne.jp,rshoute5@xing.com,rshoute5@studiopress.com,rshoute5@hibu.com,rshoute5@dmoz.org,rshoute5@slate.com,60505-0769,57243-291,60681-5303,166-880-9880,214-618-7232,326-848-9082,453-572-3325,110-165-7546,742-667-4803,Suite 76,23065 Park Meadow Center,14th Floor,71 Parkside Hill,PO Box 17865,74 Dexter Drive,ID,CN,546 Randy Plaza,Product Management,Legal,Services,Sales,Research and Development,62,88158 Shasta Crossing,Pharmacist,Steel/Iron Ore,IDR,571-79-1509,HAYN
Randell Coneley,Isac,Coneley,rconeley6,Aland,Randell Coneley,Maïly,Jozef,Ruth,Thedrick,rconeley6,rconeley6,Ansell,Randell,4/21/2015,Male,4th Floor,4041593597669,JP,80,Statistician II,Monbetsu,Skiptube,Grocery,Hauck Group,M,Malayalam,Asteraceae,Dassie,rconeley6@i2i.jp,rconeley6@woothemes.com,rconeley6@goo.gl,rconeley6@homestead.com,rconeley6@seattletimes.com,rconeley6@craigslist.org,rconeley6@cisco.com,rconeley6@oracle.com,49715-003,0113-0695,36987-3233,800-691-6636,884-413-9190,561-170-5343,993-995-2513,355-152-7332,755-825-4614,11th Floor,88 Morrow Junction,Room 1818,71701 Pierstorff Plaza,Apt 1921,395 Nevada Court,RU,CN,70 Kropf Pass,Marketing,Product Management,Training,Support,Services,80,8 Parkside Terrace,Human Resources Manager,Marine Transportation,RUB,162-58-2470,SHIP
Ingar Cleverly,Rustie,Cleverly,icleverly7,Dirk,Ingar Cleverly,Maëlys,Domingo,Vicky,Egbert,icleverly7,icleverly7,Roman,Ingar,10/24/1950,Male,14th Floor,4041594066066874,CD,5757,Human Resources Manager,Butembo,Ozu,Digital Signage,"Smitham, Metz and Osinski",L,Tamil,Loasaceae,"Barbet, black-collared",icleverly7@meetup.com,icleverly7@ihg.com,icleverly7@seesaa.net,icleverly7@instagram.com,icleverly7@ask.com,icleverly7@icio.us,icleverly7@github.io,icleverly7@netlog.com,53489-510,57664-246,59779-997,604-270-8980,853-467-8830,409-642-8578,481-625-7610,642-192-2761,877-760-5923,Room 1271,02091 Sage Parkway,PO Box 51859,64362 Kipling Terrace,Room 1425,32976 Lien Parkway,CN,CN,63457 Macpherson Junction,Human Resources,Engineering,Product Management,Marketing,Marketing,124,16 Monument Terrace,Database Administrator IV,Major Pharmaceuticals,CNY,258-01-9145,PRPH
Padget Eliet,Raul,Eliet,peliet8,Godart,Padget Eliet,Hélène,Abie,Elga,Carny,peliet8,peliet8,Noby,Padget,6/1/1966,Male,Room 1893,4041597701066886,DK,10,Systems Administrator II,Aalborg,Kayveo,Shopping Centers,Towne-Berge,M,Malayalam,Salicaceae,Richardson's ground squirrel,peliet8@bloomberg.com,peliet8@bizjournals.com,peliet8@google.ca,peliet8@microsoft.com,peliet8@sciencedirect.com,peliet8@tinyurl.com,peliet8@exblog.jp,peliet8@posterous.com,37000-848,75904-3343,0268-1240,441-335-2921,814-190-7153,904-394-9428,808-641-1217,359-421-5638,892-770-0320,PO Box 92072,52 Fair Oaks Court,Room 1296,25760 Maywood Street,2nd Floor,029 Banding Junction,AM,US,41 Pond Hill,Training,Services,Sales,Engineering,Product Management,570,73662 La Follette Alley,Registered Nurse,Major Banks,AMD,371-46-4264,OPHC
Morgun Cockerton,Rozalie,Cockerton,mcockerton9,Gussie,Morgun Cockerton,Åslög,Erek,Lucienne,Maura,mcockerton9,mcockerton9,Alvira,Morgun,7/3/1973,Female,Room 1573,4041591389499,BR,2871,Software Test Engineer IV,São Lourenço,Tagcat,Content Strategy,Berge-Dicki,2XL,Danish,Aristolochiaceae,"Squirrel, eastern fox",mcockerton9@hhs.gov,mcockerton9@pen.io,mcockerton9@jimdo.com,mcockerton9@facebook.com,mcockerton9@altervista.org,mcockerton9@woothemes.com,mcockerton9@admin.ch,mcockerton9@woothemes.com,43269-812,49999-855,50458-168,958-282-3967,247-186-3251,635-958-3209,445-582-5225,215-458-4923,608-952-8938,Apt 1799,39482 Sherman Street,PO Box 63219,61 Oxford Trail,Suite 54,368 Hintze Terrace,PS,PT,983 Quincy Lane,Product Management,Marketing,Legal,Training,Sales,54,19 Doe Crossing Way,Programmer IV,Electronic Components,ILS,584-25-4839,KLAC
Rabi Bartolomeoni,Eolande,Bartolomeoni,rbartolomeonia,Ellette,Rabi Bartolomeoni,Miléna,Heinrik,Sela,Katina,rbartolomeonia,rbartolomeonia,Atalanta,Rabi,6/4/1972,Female,Room 1791,4041595982224,US,727,Nuclear Power Engineer,Bedford,Babblestorm,Web Analytics,"Schaden, Hills and Vandervort",XL,German,Fabaceae,"Penguin, little blue",rbartolomeonia@dedecms.com,rbartolomeonia@cbsnews.com,rbartolomeonia@ed.gov,rbartolomeonia@bloomberg.com,rbartolomeonia@51.la,rbartolomeonia@usnews.com,rbartolomeonia@who.int,rbartolomeonia@wufoo.com,60905-0407,49349-873,51514-0312,930-622-7650,918-929-7483,352-968-7484,494-973-1967,343-788-4579,771-700-4199,PO Box 95294,78 Logan Place,Room 38,1 Lunder Point,10th Floor,95 Farwell Court,JP,CN,08717 Valley Edge Street,Services,Research and Development,Engineering,Engineering,Sales,305,277 Hallows Junction,Staff Scientist,n/a,JPY,105-82-4404,DHG
Gardiner Gerckens,Jordan,Gerckens,ggerckensb,Conway,Gardiner Gerckens,Ophélie,Langston,Blanca,Dannie,ggerckensb,ggerckensb,Nathanil,Gardiner,3/16/1957,Male,Apt 172,4041599108002688,AU,328,Database Administrator IV,,Ozu,ASP,Runolfsdottir-Lebsack,L,Lao,Asteraceae,"Vulture, white-headed",ggerckensb@google.co.uk,ggerckensb@army.mil,ggerckensb@usa.gov,ggerckensb@sun.com,ggerckensb@zimbio.com,ggerckensb@sakura.ne.jp,ggerckensb@seattletimes.com,ggerckensb@hatena.ne.jp,11701-048,10631-091,60778-010,947-414-2741,358-420-8297,804-211-7498,934-339-9840,915-849-8303,495-197-7804,Room 434,32 3rd Trail,Apt 1237,0 Raven Avenue,Room 1148,33656 Maywood Way,BR,CN,61 Eagan Pass,Sales,Legal,Business Development,Support,Support,82,32 Old Gate Way,Help Desk Operator,Medical/Dental Instruments,BRL,373-63-3256,IVTY
Filbert Tooby,Kelci,Tooby,ftoobyc,Farah,Filbert Tooby,Régine,Mitch,Brandice,Eunice,ftoobyc,ftoobyc,Jenine,Filbert,12/4/2000,Female,Room 1418,4041599617057,PE,2010,VP Sales,Tingo Maria,Katz,CI,Pfeffer-Weissnat,XS,Swahili,Hydrophyllaceae,Eastern white pelican,ftoobyc@businessinsider.com,ftoobyc@ebay.co.uk,ftoobyc@tinyurl.com,ftoobyc@theatlantic.com,ftoobyc@jimdo.com,ftoobyc@nifty.com,ftoobyc@opensource.org,ftoobyc@cloudflare.com,54868-4416,49483-328,63868-857,589-107-2049,593-227-5882,867-503-0182,649-406-0727,777-844-8093,681-753-5075,PO Box 91625,20 Norway Maple Circle,17th Floor,04600 Fair Oaks Lane,Room 247,0368 Messerschmidt Court,GE,AF,56689 Troy Hill,Legal,Product Management,Services,Services,Human Resources,808,08 Crest Line Park,Graphic Designer,Major Banks,GEL,377-98-1444,BPFH
Ricky Tarver,Mignonne,Tarver,rtarverd,Andrei,Ricky Tarver,Adélie,Fransisco,Noami,Kakalina,rtarverd,rtarverd,Katine,Ricky,3/8/1954,Female,Apt 1268,4041598204049189,CA,102,Director of Sales,Matane,Gigazoom,JDE Enterprise One,Balistreri-Schuppe,L,Yiddish,Primulaceae,Asiatic wild ass,rtarverd@wikia.com,rtarverd@thetimes.co.uk,rtarverd@issuu.com,rtarverd@eventbrite.com,rtarverd@marketwatch.com,rtarverd@state.tx.us,rtarverd@cnet.com,rtarverd@statcounter.com,24385-925,49349-375,65044-4855,198-957-4348,530-256-5954,692-994-7986,514-206-7813,857-441-0983,922-288-6157,8th Floor,58 Stoughton Terrace,Apt 353,1 Pond Center,Room 1402,3 Swallow Crossing,PA,MD,624 Burning Wood Avenue,Sales,Support,Training,Training,Research and Development,97,477 Spaight Drive,Quality Engineer,n/a,PAB,316-56-5243,BDC^B
Herby Emmison,Julie,Emmison,hemmisone,Ben,Herby Emmison,Marie-ève,Mathian,Chrissy,Ludovico,hemmisone,hemmisone,Carlyle,Herby,8/24/2019,Male,Room 1274,4041596091748061,PE,1285,Mechanical Systems Engineer,Las Malvinas,Edgetag,Luxury,Jacobson-Swift,XL,Azeri,Cyperaceae,"Kangaroo, eastern grey",hemmisone@ihg.com,hemmisone@upenn.edu,hemmisone@ehow.com,hemmisone@bloomberg.com,hemmisone@bluehost.com,hemmisone@fda.gov,hemmisone@taobao.com,hemmisone@engadget.com,0363-1677,68258-5973,0006-3029,932-494-6283,719-353-9315,371-616-9486,302-882-0495,144-946-6417,424-810-5290,4th Floor,87326 Delaware Trail,Suite 92,9404 Northwestern Junction,PO Box 15546,28 Sunfield Lane,PL,US,9 Tony Way,Accounting,Human Resources,Services,Services,Engineering,3894,1792 Ilene Plaza,Human Resources Manager,Major Banks,PLN,188-07-8261,DNBF
Jodie Stigers,Izabel,Stigers,jstigersf,Ashely,Jodie Stigers,Léane,Ugo,Lacy,Jeanne,jstigersf,jstigersf,Linet,Jodie,3/22/1983,Female,Room 1279,4041594436701804,CO,277,Engineer II,Leticia,Edgeblab,Ghostwriting,"Bauch, Heaney and Cruickshank",S,Kazakh,Caryophyllaceae,Black rhinoceros,jstigersf@slideshare.net,jstigersf@trellian.com,jstigersf@jimdo.com,jstigersf@state.gov,jstigersf@paypal.com,jstigersf@google.com,jstigersf@baidu.com,jstigersf@bravesites.com,33344-006,63712-123,49999-654,617-508-2082,964-396-8996,903-186-3688,382-261-5922,845-248-1273,494-430-5406,Apt 444,3497 Merchant Circle,PO Box 58624,26 Grim Street,PO Box 16329,1817 Crest Line Avenue,TH,CN,69119 Hallows Plaza,Sales,Sales,Legal,Research and Development,Accounting,3506,4082 Myrtle Plaza,VP Sales,Military/Government/Technical,THB,798-41-5680,ENG
Hubert McMarquis,Waring,McMarquis,hmcmarquisg,Lorry,Hubert McMarquis,Illustrée,Rodolphe,Carmon,Tripp,hmcmarquisg,hmcmarquisg,Murvyn,Hubert,6/21/2015,Male,18th Floor,4041598336990086,VU,50,Senior Quality Engineer,Olpoi,Oyoba,Notary Public,Schaden Inc,M,Georgian,Asteraceae,Silver-backed fox,hmcmarquisg@sohu.com,hmcmarquisg@soundcloud.com,hmcmarquisg@a8.net,hmcmarquisg@t.co,hmcmarquisg@bing.com,hmcmarquisg@youtu.be,hmcmarquisg@admin.ch,hmcmarquisg@nyu.edu,0283-0808,60846-520,69043-002,669-598-1428,923-395-1723,978-436-7399,910-430-6257,644-865-4900,952-100-4830,3rd Floor,4962 Rigney Park,PO Box 84906,12745 Garrison Trail,7th Floor,3 Farmco Road,ZM,AL,70255 Burrows Road,Legal,Engineering,Support,Engineering,Training,633,9084 Moulton Alley,Financial Advisor,Medical/Dental Instruments,ZMW,700-88-9122,RMD
Abrahan Rioch,Fredrika,Rioch,ariochh,Cherin,Abrahan Rioch,Faîtes,Haywood,Tallulah,Lucina,ariochh,ariochh,Corliss,Abrahan,11/25/1994,Female,4th Floor,4041598563963,US,464,Community Outreach Specialist,Cape Romanzof,Dynabox,BJJ,Greenfelder Inc,2XL,English,Poaceae,Yellow-bellied marmot,ariochh@state.gov,ariochh@vk.com,ariochh@senate.gov,ariochh@businesswire.com,ariochh@elpais.com,ariochh@google.ru,ariochh@altervista.org,ariochh@auda.org.au,41520-098,52959-011,58118-7147,954-630-4983,497-807-7237,496-589-9318,395-347-0029,776-872-8379,309-173-1984,Apt 1133,5535 Lakeland Alley,Apt 660,562 Butterfield Point,16th Floor,75196 Wayridge Road,VN,PE,6777 Marquette Court,Engineering,Product Management,Services,Business Development,Product Management,3,3 Mayfield Street,Director of Sales,n/a,VND,797-96-5997,DFP
Gregoire Smales,Jennie,Smales,gsmalesi,Aili,Gregoire Smales,Yú,Tarrance,Janice,Teena,gsmalesi,gsmalesi,Loren,Gregoire,12/1/2008,Female,Suite 74,4041595578907,RU,378,Teacher,Tyumen,Trupe,DDR3,Fahey-Graham,XL,Lao,Cyperaceae,"Ferret, black-footed",gsmalesi@skype.com,gsmalesi@arizona.edu,gsmalesi@photobucket.com,gsmalesi@themeforest.net,gsmalesi@g.co,gsmalesi@narod.ru,gsmalesi@icq.com,gsmalesi@slideshare.net,49288-0299,60533-003,33237-001,661-720-9077,814-680-2297,399-838-6693,137-541-1226,234-212-4570,130-553-1359,PO Box 23406,810 Starling Junction,PO Box 14574,4554 Banding Court,19th Floor,1636 Duke Parkway,SI,US,160 Kensington Way,Services,Human Resources,Sales,Accounting,Human Resources,2352,33906 Express Circle,Compensation Analyst,Specialty Chemicals,EUR,559-88-8583,FOMX
Oliver Harbage,Meg,Harbage,oharbagej,Martie,Oliver Harbage,Fèi,Fowler,Dahlia,Pearline,oharbagej,oharbagej,Mona,Oliver,7/28/1978,Female,15th Floor,4041595231697,US,76,Electrical Engineer,Portland,Kimia,MCMS,Streich-Dach,XL,Filipino,Malpighiaceae,"Pigeon, wood",oharbagej@archive.org,oharbagej@npr.org,oharbagej@youtube.com,oharbagej@ca.gov,oharbagej@dailymotion.com,oharbagej@samsung.com,oharbagej@cnet.com,oharbagej@wikimedia.org,57520-0441,64578-0067,53041-152,630-284-1044,442-538-1459,333-883-5259,886-764-2557,366-999-9831,182-958-8790,Apt 815,0295 Dayton Alley,Apt 227,85 Grover Circle,13th Floor,41 Lakewood Alley,MD,RU,7346 Kipling Drive,Training,Support,Training,Services,Accounting,125,7647 Merrick Circle,Help Desk Technician,Precious Metals,MDL,306-40-6144,AUY
Hilary Luto,Casi,Luto,hlutok,Gert,Hilary Luto,Ruò,Myca,Nedda,Ursala,hlutok,hlutok,Donia,Hilary,7/16/1969,Female,14th Floor,4041591904404,GY,2299,Nurse Practicioner,Kato,Thoughtsphere,Agronomy,Armstrong-Aufderhar,XS,Kazakh,Parmeliaceae,"Curlew, black",hlutok@mayoclinic.com,hlutok@unc.edu,hlutok@cnet.com,hlutok@wikimedia.org,hlutok@mac.com,hlutok@ucla.edu,hlutok@discovery.com,hlutok@google.ca,0179-8711,68745-1127,43353-906,799-176-1880,264-889-5404,655-394-9787,166-416-8245,288-948-4096,920-729-3959,PO Box 82150,7072 Drewry Crossing,Room 896,025 Northwestern Way,14th Floor,77 Pearson Avenue,PL,CN,028 Gerald Avenue,Support,Services,Research and Development,Product Management,Sales,1083,6894 Mallard Point,Senior Financial Analyst,Business Services,PLN,592-71-0114,AHPA
Zebadiah Bosley,Morlee,Bosley,zbosleyl,Oliver,Zebadiah Bosley,Michèle,Dirk,Dode,Pincas,zbosleyl,zbosleyl,Lucas,Zebadiah,9/11/2000,Male,Apt 108,4041599518313,RU,656,Director of Sales,Khonuu,Lajo,Market Planning,Jacobson and Sons,2XL,Icelandic,Scrophulariaceae,"Flicker, campo",zbosleyl@histats.com,zbosleyl@constantcontact.com,zbosleyl@epa.gov,zbosleyl@bizjournals.com,zbosleyl@discuz.net,zbosleyl@bloomberg.com,zbosleyl@alexa.com,zbosleyl@abc.net.au,68345-908,61352-001,49738-462,920-738-5219,724-570-3816,704-580-8804,495-223-4864,803-289-8731,178-193-7368,PO Box 99387,7 Nova Lane,Suite 76,9205 Meadow Ridge Circle,PO Box 53533,64422 Magdeline Terrace,GR,FM,21392 Ilene Road,Accounting,Accounting,Services,Product Management,Accounting,289,522 Rigney Crossing,Research Nurse,Environmental Services,EUR,894-62-3443,WCN
Lennie Pigot,Briant,Pigot,lpigotm,Skelly,Lennie Pigot,Zoé,Mickie,Margaretha,Giff,lpigotm,lpigotm,Stanley,Lennie,4/14/1970,Male,Apt 1405,4041592692685,CA,950,Statistician II,"Terrace Bay, ON",Topicstorm,Yellow Book,"Nolan, Hand and Beatty",L,Sotho,Boraginaceae,Savannah deer (unidentified),lpigotm@guardian.co.uk,lpigotm@csmonitor.com,lpigotm@google.com.br,lpigotm@paginegialle.it,lpigotm@bbb.org,lpigotm@omniture.com,lpigotm@usgs.gov,lpigotm@webmd.com,59741-112,10812-285,60760-432,609-814-2536,746-518-0217,997-705-0692,626-538-0087,835-813-2864,128-957-7309,Apt 637,14 Brown Alley,Room 948,7996 Gateway Terrace,Suite 100,7263 Forest Run Plaza,RU,PH,056 Knutson Pass,Business Development,Product Management,Support,Training,Marketing,15,22 Shasta Place,Physical Therapy Assistant,Telecommunications Equipment,RUB,889-89-1333,TDA
Wilfred Gratton,Xenia,Gratton,wgrattonn,Theodosia,Wilfred Gratton,André,Damiano,Idette,April,wgrattonn,wgrattonn,Lil,Wilfred,1/11/2012,Female,Apt 41,4041595135484,US,575,Assistant Professor,Louisville,Gabtune,CPT,"Strosin, Hudson and Strosin",M,Telugu,Blechnaceae,"Dragon, frilled",wgrattonn@histats.com,wgrattonn@abc.net.au,wgrattonn@webs.com,wgrattonn@utexas.edu,wgrattonn@miitbeian.gov.cn,wgrattonn@t-online.de,wgrattonn@slideshare.net,wgrattonn@hubpages.com,21695-887,37808-702,50051-0019,253-972-4385,499-317-6079,908-626-0532,142-476-8819,684-357-0811,509-740-9161,Room 724,81 Forest Run Circle,Room 1503,785 Hollow Ridge Plaza,20th Floor,515 Di Loreto Center,US,UG,70700 Armistice Terrace,Research and Development,Research and Development,Sales,Business Development,Research and Development,1675,26236 School Plaza,Financial Advisor,Automotive Aftermarket,USD,199-04-3448,KMX
Alessandro Santer,Trueman,Santer,asantero,Edan,Alessandro Santer,Maï,Muffin,Aubrey,Spence,asantero,asantero,Michale,Alessandro,7/17/1957,Male,Apt 486,4041598834752434,US,1291,Developer I,Oklahoma City,Bubbletube,Win CVS,"Pagac, Hagenes and Wisozk",2XL,Luxembourgish,Lamiaceae,Canada goose,asantero@theguardian.com,asantero@prlog.org,asantero@tamu.edu,asantero@hubpages.com,asantero@slashdot.org,asantero@ustream.tv,asantero@squidoo.com,asantero@unicef.org,52125-474,55154-6960,54868-6102,372-172-2378,958-614-3376,289-905-6271,519-705-1395,785-444-6844,562-141-0073,Suite 43,26 Norway Maple Circle,PO Box 51506,9 Lake View Street,Suite 42,38214 Center Lane,CN,SL,65 Meadow Vale Avenue,Human Resources,Marketing,Human Resources,Sales,Business Development,6100,29 Florence Point,Internal Auditor,n/a,CNY,326-32-9383,CYS^A
Sholom MacGaughie,Gustie,MacGaughie,smacgaughiep,Ursala,Sholom MacGaughie,Bénédicte,Bendix,Elsie,Channa,smacgaughiep,smacgaughiep,Nicole,Sholom,12/2/2020,Female,Suite 100,4041597734573,BR,410,Developer IV,Itaperuna,Zava,Landlords,Hermann LLC,XL,English,Rhamnaceae,"Bandicoot, short-nosed",smacgaughiep@pagesperso-orange.fr,smacgaughiep@nationalgeographic.com,smacgaughiep@symantec.com,smacgaughiep@shareasale.com,smacgaughiep@arstechnica.com,smacgaughiep@indiatimes.com,smacgaughiep@reuters.com,smacgaughiep@wikipedia.org,60764-004,64889-0001,42291-130,577-943-7372,539-980-6492,359-343-5971,611-334-3282,261-194-2842,949-412-4745,Apt 549,03 Pankratz Point,17th Floor,81393 Garrison Terrace,PO Box 61596,6 Stone Corner Plaza,CN,GT,354 Mcbride Alley,Legal,Legal,Engineering,Training,Sales,198,8 Myrtle Place,Recruiter,Other Consumer Services,CNY,295-03-2568,YELP
Hunter Binning,Amos,Binning,hbinningq,Garrot,Hunter Binning,Bérengère,Dolf,Giuditta,Harbert,hbinningq,hbinningq,Buck,Hunter,6/16/2001,Male,PO Box 92506,4041594420861,CO,31,Actuary,Coveñas,Topicshots,Practice CS,"Hansen, Considine and Pollich",L,Japanese,Cyperaceae,Northern elephant seal,hbinningq@europa.eu,hbinningq@blogs.com,hbinningq@mtv.com,hbinningq@telegraph.co.uk,hbinningq@berkeley.edu,hbinningq@huffingtonpost.com,hbinningq@desdev.cn,hbinningq@npr.org,57520-0096,57664-357,11673-866,643-858-8336,352-349-7463,995-883-1669,670-806-1752,466-577-3913,933-675-2780,19th Floor,1 Boyd Hill,PO Box 31293,3269 Grayhawk Drive,PO Box 16940,68 Kenwood Terrace,MM,MA,48847 Stephen Center,Human Resources,Legal,Research and Development,Engineering,Training,1354,18024 American Lane,Nurse,n/a,MMK,109-78-3856,PFN
Gan Jirusek,Jeni,Jirusek,gjirusekr,Kippie,Gan Jirusek,Publicité,Lew,Jo-ann,Perrine,gjirusekr,gjirusekr,Rosette,Gan,6/9/2019,Female,17th Floor,4041599620812,US,6,Software Test Engineer I,Galveston,Linktype,Functional Training,"Upton, Howell and Hoeger",3XL,Armenian,Salicaceae,"Macaque, japanese",gjirusekr@ovh.net,gjirusekr@twitter.com,gjirusekr@surveymonkey.com,gjirusekr@weibo.com,gjirusekr@joomla.org,gjirusekr@pen.io,gjirusekr@yahoo.co.jp,gjirusekr@ask.com,0682-0475,64117-581,33261-623,852-214-5258,397-420-5434,834-526-8524,763-785-8799,818-872-1141,124-985-4929,10th Floor,491 Summit Place,Apt 244,0522 Ridgeview Crossing,16th Floor,570 Cardinal Road,PL,NG,52235 Pepper Wood Hill,Accounting,Legal,Sales,Product Management,Business Development,2525,6188 Dunning Trail,Software Test Engineer IV,n/a,PLN,785-20-9295,LND
Ira Manshaw,Mariya,Manshaw,imanshaws,Emmey,Ira Manshaw,Kuí,Anselm,Shandy,Deanna,imanshaws,imanshaws,Merissa,Ira,2/15/2014,Female,PO Box 68877,4041596277356598,AF,1457,Analog Circuit Design manager,,Yata,SDS-PAGE,"Koepp, Schroeder and Schultz",XS,Malay,Brassicaceae,"Dove, white-winged",imanshaws@disqus.com,imanshaws@friendfeed.com,imanshaws@xing.com,imanshaws@answers.com,imanshaws@usnews.com,imanshaws@skype.com,imanshaws@kickstarter.com,imanshaws@networksolutions.com,0363-0915,43071-110,54973-3101,246-786-6724,253-401-3715,578-276-8402,338-430-3244,637-854-6091,216-180-2274,Room 865,8328 Bunting Circle,9th Floor,9 Susan Park,PO Box 19574,6 Kingsford Court,CN,ID,03074 Morning Drive,Product Management,Product Management,Human Resources,Human Resources,Training,1182,69 Old Shore Pass,Civil Engineer,n/a,CNY,521-75-7654,IEUS
Fulton Sprague,Gaby,Sprague,fspraguet,Hilarius,Fulton Sprague,Aloïs,Giustino,Jerrylee,Oswald,fspraguet,fspraguet,Ringo,Fulton,12/31/1960,Male,Room 375,4041598048866,PG,1930,Senior Financial Analyst,,Brightbean,Solution Selling,Anderson LLC,S,Estonian,Viscaceae,"Tern, white-winged black",fspraguet@studiopress.com,fspraguet@slideshare.net,fspraguet@quantcast.com,fspraguet@fotki.com,fspraguet@berkeley.edu,fspraguet@woothemes.com,fspraguet@mtv.com,fspraguet@mashable.com,10812-290,47593-470,48951-6005,854-141-1450,101-693-3015,731-394-4236,364-679-0020,809-968-0805,722-766-3592,PO Box 19120,84453 Clemons Park,PO Box 63361,82 Mallory Center,8th Floor,6130 Sommers Drive,ID,PL,182 Lakewood Gardens Place,Support,Engineering,Training,Product Management,Business Development,9500,181 Lindbergh Trail,Assistant Manager,n/a,IDR,295-28-9296,WFC^R
Kalvin Barkess,Cecilla,Barkess,kbarkessu,Dasi,Kalvin Barkess,Thérèse,Patten,Eugenie,Jenny,kbarkessu,kbarkessu,Xylina,Kalvin,6/28/1989,Female,Apt 699,4041591705520,US,78,Environmental Tech,Kodiak,Jabberbean,HMDA,"Effertz, Murphy and Kozey",L,Hungarian,Flacourtiaceae,"Phalarope, grey",kbarkessu@japanpost.jp,kbarkessu@jimdo.com,kbarkessu@fda.gov,kbarkessu@addtoany.com,kbarkessu@tamu.edu,kbarkessu@ihg.com,kbarkessu@1und1.de,kbarkessu@hud.gov,54868-0293,41250-185,36800-253,636-270-7903,132-368-9486,103-179-8281,833-370-1836,790-733-3356,507-972-3162,20th Floor,4 Northview Hill,PO Box 74589,14101 Elgar Lane,Apt 467,425 Talisman Junction,CZ,TR,72853 Rusk Alley,Support,Product Management,Sales,Engineering,Product Management,605,53 Carberry Trail,Human Resources Assistant III,Oilfield Services/Equipment,CZK,728-09-6861,RCON
Tymon Waldron,Georgi,Waldron,twaldronv,Carey,Tymon Waldron,Régine,Jackie,Agata,Ettore,twaldronv,twaldronv,Neal,Tymon,2/16/2017,Male,Suite 24,4041596280678574,AU,3609,Tax Accountant,,Oyoloo,MSC Patran,Wolf-Gorczany,2XL,Aymara,Apiaceae,"Jackal, golden",twaldronv@last.fm,twaldronv@census.gov,twaldronv@china.com.cn,twaldronv@engadget.com,twaldronv@sciencedaily.com,twaldronv@examiner.com,twaldronv@vkontakte.ru,twaldronv@wikimedia.org,52533-026,59779-060,10742-8566,501-459-7645,281-260-0965,483-604-0985,839-544-1311,679-156-5182,276-507-2034,PO Box 24985,0 Glendale Plaza,Room 1129,04080 Oak Way,Suite 32,5244 Kedzie Alley,UG,BR,491 Muir Alley,Legal,Product Management,Engineering,Product Management,Business Development,1380,35049 Talmadge Avenue,Nurse Practicioner,Major Banks,UGX,561-69-5166,HVBC
Timothy Ireland,Lolita,Ireland,tirelandw,Charlotta,Timothy Ireland,Östen,Clarance,Ainslie,Rafaela,tirelandw,tirelandw,Alysia,Timothy,2/25/1968,Female,19th Floor,4041599753712,US,26,Environmental Tech,Norfolk,Flashspan,AOI,Ryan and Sons,L,Oriya,Cyperaceae,Mexican boa,tirelandw@posterous.com,tirelandw@cbslocal.com,tirelandw@cdc.gov,tirelandw@sfgate.com,tirelandw@disqus.com,tirelandw@liveinternet.ru,tirelandw@gizmodo.com,tirelandw@360.cn,64616-104,54868-5232,49230-200,916-862-9581,790-392-1211,736-223-3727,271-289-6881,634-582-0778,438-882-0472,Room 730,578 Butternut Trail,PO Box 68863,3 Larry Place,Room 1648,663 Rowland Junction,CN,GR,190 Dryden Point,Sales,Product Management,Legal,Human Resources,Marketing,824,79639 Comanche Pass,Systems Administrator III,n/a,CNY,273-55-5447,UBP^G
Tad Pulhoster,Sheffield,Pulhoster,tpulhosterx,Reginald,Tad Pulhoster,Maëlys,Augustus,Doe,Cyrus,tpulhosterx,tpulhosterx,Asher,Tad,2/18/1987,Male,PO Box 53000,4041596205999386,US,434,Senior Quality Engineer,Jackson,Bluezoom,UDDI,Dach-Langosh,2XL,Indonesian,Thelypteridaceae,Genoveva,tpulhosterx@ucsd.edu,tpulhosterx@4shared.com,tpulhosterx@free.fr,tpulhosterx@princeton.edu,tpulhosterx@msn.com,tpulhosterx@shop-pro.jp,tpulhosterx@sogou.com,tpulhosterx@godaddy.com,0268-0627,57520-0557,55714-1701,974-343-1393,734-327-4312,290-916-1517,164-503-0590,936-104-9115,343-199-3518,Apt 54,8 Delaware Point,Apt 575,18 Moland Hill,PO Box 70256,4 Mariners Cove Terrace,JP,CZ,058 Dunning Junction,Research and Development,Marketing,Human Resources,Product Management,Services,341,9671 Acker Plaza,Clinical Specialist,Medical Specialities,JPY,244-88-1143,PDCO
Gustave Pala,Meade,Pala,gpalay,Peirce,Gustave Pala,Torbjörn,Nicky,Mariquilla,Inglebert,gpalay,gpalay,Romeo,Gustave,9/2/1959,Male,PO Box 23399,4041597471721,GA,417,Programmer II,Ndende,Agivu,Gemba Kaizen,Haley Group,XL,Finnish,Zygophyllaceae,White-fronted capuchin,gpalay@eepurl.com,gpalay@macromedia.com,gpalay@un.org,gpalay@apple.com,gpalay@engadget.com,gpalay@hostgator.com,gpalay@answers.com,gpalay@utexas.edu,43353-031,52685-350,0430-0721,743-190-7569,608-848-3531,925-478-2168,400-277-3872,610-671-5879,910-954-4714,PO Box 20386,7 Miller Road,Apt 477,83252 Gulseth Way,Room 1723,5 Novick Way,RU,CN,4 John Wall Parkway,Product Management,Product Management,Engineering,Human Resources,Legal,48,52 Kenwood Center,Automation Specialist II,Major Banks,RUB,723-37-6119,BANF
Zollie Luard,Mady,Luard,zluardz,Grazia,Zollie Luard,Laurélie,Rabbi,Nessi,Del,zluardz,zluardz,Blondie,Zollie,3/20/2010,Female,Apt 881,4041599031382,US,707,Teacher,Macomb,Jatri,PFD,Gerlach and Sons,S,Icelandic,Dacampiaceae,Rock dove,zluardz@vistaprint.com,zluardz@phoca.cz,zluardz@va.gov,zluardz@google.cn,zluardz@cnn.com,zluardz@sciencedaily.com,zluardz@pen.io,zluardz@npr.org,0555-1057,0113-2432,57520-0088,559-387-0225,611-282-0063,539-752-6822,445-290-1575,777-294-7742,767-725-6851,Room 819,9 Green Ridge Trail,2nd Floor,57 Namekagon Court,13th Floor,188 Declaration Trail,ID,PE,50 Valley Edge Parkway,Accounting,Sales,Marketing,Training,Research and Development,1219,4669 Stone Corner Hill,Information Systems Manager,Life Insurance,IDR,530-08-7165,FFG
Reynolds Ludewig,Shanda,Ludewig,rludewig10,Chrissie,Reynolds Ludewig,Célestine,Justin,Kirsteni,Melisse,rludewig10,rludewig10,Fleur,Reynolds,6/3/2020,Female,PO Box 487,4041591161200572,RU,20,Web Designer I,Cherskiy,Zazio,Market Analysis,"Thiel, Schiller and Bednar",M,Aymara,Iridaceae,"Tern, royal",rludewig10@time.com,rludewig10@bluehost.com,rludewig10@gravatar.com,rludewig10@ebay.com,rludewig10@mediafire.com,rludewig10@pinterest.com,rludewig10@eepurl.com,rludewig10@ow.ly,0268-6697,68828-159,0280-2030,764-839-4484,362-854-6113,273-357-8881,560-361-2273,851-414-4929,739-665-9895,PO Box 43280,2950 Mosinee Court,Apt 772,2 Mifflin Street,Room 1722,5928 Monica Place,BR,BR,7 Corscot Crossing,Support,Training,Engineering,Services,Engineering,7034,3 Hanover Center,Assistant Manager,Computer Software: Prepackaged Software,BRL,773-01-6020,CYBR
Lenci Franciotti,Ernest,Franciotti,lfranciotti11,Windham,Lenci Franciotti,Mégane,Em,Freda,Valentino,lfranciotti11,lfranciotti11,Donaugh,Lenci,8/15/1976,Male,Suite 15,4041590532537,PF,6,Account Executive,,Yabox,Bodywork,"Bergnaum, Bins and Cummerata",M,Gagauz,Brassicaceae,Bohor reedbuck,lfranciotti11@purevolume.com,lfranciotti11@youku.com,lfranciotti11@wp.com,lfranciotti11@dot.gov,lfranciotti11@51.la,lfranciotti11@yandex.ru,lfranciotti11@umn.edu,lfranciotti11@hexun.com,40046-0036,65044-2416,98132-701,130-985-9572,474-447-7003,603-632-6848,312-454-4198,764-189-2385,235-776-1413,Apt 1363,853 Del Mar Crossing,17th Floor,09655 Cody Circle,Room 65,839 Ohio Hill,ID,KM,63 Sugar Road,Services,Engineering,Training,Human Resources,Human Resources,23,39 Golf View Place,Senior Quality Engineer,Beverages (Production/Distribution),IDR,275-71-2792,PEP
Zacherie Felgate,Julianna,Felgate,zfelgate12,Faythe,Zacherie Felgate,Mårten,Gottfried,Esmeralda,Shelbi,zfelgate12,zfelgate12,Karla,Zacherie,11/5/1979,Female,PO Box 8175,4041599333341,UA,251,Social Worker,Mariupol,Skinte,Policy Analysis,"Morar, Lindgren and Wiegand",S,Zulu,Poaceae,Springhare,zfelgate12@eepurl.com,zfelgate12@unicef.org,zfelgate12@merriam-webster.com,zfelgate12@tiny.cc,zfelgate12@sina.com.cn,zfelgate12@weibo.com,zfelgate12@cloudflare.com,zfelgate12@cdc.gov,67718-943,37205-616,55741-402,922-472-4978,716-668-8765,537-781-5202,800-281-8653,204-902-1312,909-957-0676,PO Box 99516,887 Blaine Hill,PO Box 3522,55 Canary Trail,Room 1104,76 Steensland Hill,KH,UZ,04 Hovde Parkway,Business Development,Legal,Marketing,Human Resources,Services,128,1 Lake View Avenue,Structural Analysis Engineer,n/a,KHR,500-12-7174,ACV
Itch Gosneye,Sheri,Gosneye,igosneye13,Cari,Itch Gosneye,Yénora,Abramo,Sophey,Shanta,igosneye13,igosneye13,Isahella,Itch,10/4/1977,Female,Apt 106,4041591729801,CA,35,Teacher,Kashechewan,JumpXS,Skin Care Products,"Kunde, Maggio and Ondricka",S,Kazakh,Poaceae,"Boa, columbian rainbow",igosneye13@reference.com,igosneye13@goodreads.com,igosneye13@msu.edu,igosneye13@uol.com.br,igosneye13@google.com.br,igosneye13@geocities.jp,igosneye13@marriott.com,igosneye13@cnbc.com,23155-050,76045-101,0228-2820,777-776-1765,875-483-3694,456-770-2191,901-205-9437,364-484-5455,472-125-3173,Apt 1984,2460 Golf Street,Apt 444,34859 Coolidge Court,PO Box 12263,084 Thierer Park,ID,NO,5 Utah Drive,Sales,Marketing,Engineering,Support,Business Development,1395,046 Glendale Place,Teacher,Containers/Packaging,IDR,605-61-8697,WMS
Dene Face,Geoffry,Face,dface14,Vidovik,Dene Face,Naëlle,Hayden,Althea,Oliver,dface14,dface14,Claybourne,Dene,4/21/1975,Male,PO Box 70770,4041598164888287,BR,2697,Assistant Media Planner,Pato Branco,Youtags,Krakatoa,Reinger Inc,M,Ndebele,Betulaceae,Black-necked stork,dface14@example.com,dface14@ca.gov,dface14@weebly.com,dface14@newyorker.com,dface14@free.fr,dface14@paginegialle.it,dface14@whitehouse.gov,dface14@theglobeandmail.com,57520-0647,54868-5830,51811-353,719-964-5286,549-912-0330,662-895-7712,256-504-2233,727-101-6059,203-468-6949,PO Box 77699,070 La Follette Way,Apt 1409,4739 Erie Crossing,Room 1276,8213 Bonner Lane,JP,ID,56851 Monument Lane,Training,Accounting,Product Management,Sales,Marketing,2546,387 Corry Place,Nuclear Power Engineer,Multi-Sector Companies,JPY,222-13-5920,TAX
Paquito Devin,Ingram,Devin,pdevin15,Stavro,Paquito Devin,Océanne,Wendell,Vevay,West,pdevin15,pdevin15,Tripp,Paquito,4/4/1981,Male,PO Box 406,4041592296982,CI,1365,Administrative Assistant III,Odienne,Zoovu,Data Integration,"Labadie, Flatley and Hessel",2XL,Māori,Poaceae,"Otter, cape clawless",pdevin15@loc.gov,pdevin15@weather.com,pdevin15@oaic.gov.au,pdevin15@creativecommons.org,pdevin15@si.edu,pdevin15@fema.gov,pdevin15@nydailynews.com,pdevin15@creativecommons.org,0126-0072,55390-163,35573-200,703-898-4701,310-661-3224,512-856-5903,539-837-2023,155-747-4354,285-765-1198,17th Floor,9770 Crowley Circle,PO Box 79073,21737 Heffernan Terrace,Suite 8,561 Saint Paul Crossing,SY,KE,84 Rowland Alley,Research and Development,Support,Training,Research and Development,Marketing,1361,24046 Valley Edge Center,Research Assistant II,Broadcasting,SYP,337-06-3205,SALM
Konrad Gatlin,Petronia,Gatlin,kgatlin16,Rivkah,Konrad Gatlin,Valérie,Dirk,Juli,Lida,kgatlin16,kgatlin16,Margarete,Konrad,4/9/1953,Female,Suite 48,4041595860846635,CN,860,Assistant Media Planner,Ankang,Mita,JPOS,"Kub, Feest and Bogisich",M,Belarusian,Scrophulariaceae,North American red fox,kgatlin16@mit.edu,kgatlin16@wikimedia.org,kgatlin16@woothemes.com,kgatlin16@sogou.com,kgatlin16@51.la,kgatlin16@goo.gl,kgatlin16@nsw.gov.au,kgatlin16@addthis.com,59390-192,43857-0164,0641-6154,622-359-4037,633-574-7628,848-748-4134,581-519-2715,868-911-0090,976-550-0481,Suite 35,4 Johnson Junction,Apt 459,8296 Ludington Crossing,Apt 1075,3 Charing Cross Junction,RU,HN,44 Killdeer Park,Research and Development,Accounting,Marketing,Business Development,Accounting,33,232 Hazelcrest Hill,Food Chemist,Major Pharmaceuticals,RUB,643-35-9457,VTL
Corby Dickin,Clarisse,Dickin,cdickin17,Ruthe,Corby Dickin,Ruò,Pearce,Rochelle,Christiana,cdickin17,cdickin17,Bendite,Corby,4/5/2001,Female,Room 605,4041591937917,US,545,Design Engineer,Laconia,Browsecat,HTML Help Workshop,"Rempel, Kuhlman and Lakin",M,Zulu,Rhizocarpaceae,"Jackal, asiatic",cdickin17@goo.ne.jp,cdickin17@jiathis.com,cdickin17@cornell.edu,cdickin17@weebly.com,cdickin17@bluehost.com,cdickin17@instagram.com,cdickin17@networksolutions.com,cdickin17@spotify.com,66582-323,43846-0017,49349-584,896-188-1268,732-322-6633,299-508-5517,942-584-3584,893-332-1019,235-579-3435,Apt 382,91767 Nobel Place,Apt 1780,4 Milwaukee Way,Suite 35,65 Butterfield Crossing,GR,AR,208 Oak Pass,Business Development,Accounting,Engineering,Sales,Engineering,131,4 Alpine Avenue,Product Engineer,Biotechnology: Laboratory Analytical Instruments,EUR,461-72-3998,WAT
Kennith Tunnadine,Evey,Tunnadine,ktunnadine18,Colly,Kennith Tunnadine,Maëlys,Waldemar,Harriet,Karalynn,ktunnadine18,ktunnadine18,Ashla,Kennith,1/31/2016,Female,Room 1101,4041596255748923,PR,237,Clinical Specialist,Aguadilla,Wordware,Zooarchaeology,Kessler Group,2XL,Swati,Caprifoliaceae,Four-horned antelope,ktunnadine18@blogger.com,ktunnadine18@kickstarter.com,ktunnadine18@discovery.com,ktunnadine18@sitemeter.com,ktunnadine18@so-net.ne.jp,ktunnadine18@yahoo.co.jp,ktunnadine18@liveinternet.ru,ktunnadine18@simplemachines.org,68987-024,0615-1341,25021-827,908-824-0395,866-205-4433,439-832-3191,249-193-6651,779-407-4917,657-670-6958,Room 1241,27 Chive Parkway,Apt 526,75 Russell Road,Room 602,77781 Summit Street,DO,CN,1 Eagle Crest Alley,Accounting,Services,Human Resources,Services,Engineering,630,700 Maple Wood Point,Accounting Assistant III,Meat/Poultry/Fish,DOP,553-52-7313,HRL
Romain Fellgett,Alberta,Fellgett,rfellgett19,Bianca,Romain Fellgett,Sélène,Godwin,Minnnie,Koo,rfellgett19,rfellgett19,Charla,Romain,9/25/1992,Female,Suite 72,4041594619227965,CN,,Food Chemist,Qiemo,Jabberstorm,Gw Basic,"Purdy, Block and Kohler",L,Arabic,Cryphaeaceae,"Rhea, common",rfellgett19@dot.gov,rfellgett19@mediafire.com,rfellgett19@dmoz.org,rfellgett19@google.cn,rfellgett19@xinhuanet.com,rfellgett19@dmoz.org,rfellgett19@yandex.ru,rfellgett19@wikimedia.org,50458-192,36987-2072,53808-0587,730-988-6503,779-185-6634,545-206-3821,147-145-7534,706-753-6719,319-789-3465,PO Box 77173,360 Moland Hill,Apt 1003,23105 American Point,6th Floor,9 Vidon Place,FR,ZA,4 Hayes Hill,Training,Accounting,Support,Business Development,Product Management,132,90754 Forest Run Avenue,Developer I,Packaged Foods,EUR,690-40-7409,K
Andrej Todarello,Clovis,Todarello,atodarello1a,Pamella,Andrej Todarello,Erwéi,Rafferty,Binnie,Evangelia,atodarello1a,atodarello1a,Billye,Andrej,9/6/2014,Female,PO Box 22012,4041598702687068,IN,2148,Associate Professor,Ranchi,Jaxworks,Fire Alarm,Macejkovic-Harber,3XL,Punjabi,Asteraceae,"Fox, crab-eating",atodarello1a@addtoany.com,atodarello1a@independent.co.uk,atodarello1a@imgur.com,atodarello1a@blog.com,atodarello1a@wisc.edu,atodarello1a@shutterfly.com,atodarello1a@mapy.cz,atodarello1a@vistaprint.com,58411-136,10565-070,10544-297,616-519-9573,662-251-7267,206-609-8556,286-685-8234,406-777-8705,640-322-3398,PO Box 57070,3 Pepper Wood Trail,Room 760,759 Lyons Pass,Apt 1541,29053 Oak Alley,ID,CN,2 Butterfield Terrace,Engineering,Human Resources,Support,Services,Research and Development,812,0 Sullivan Hill,VP Quality Control,n/a,IDR,696-46-1834,BIT
Cedric Scolli,Brooks,Scolli,cscolli1b,Cross,Cedric Scolli,Mélinda,Brooke,Odette,Raymond,cscolli1b,cscolli1b,Grover,Cedric,6/15/2003,Male,Apt 1141,4041593366393152,US,1125,VP Product Management,Charles City,Teklist,Urban Studies,Hills Group,L,Punjabi,Hydrophyllaceae,"Francolin, coqui",cscolli1b@pbs.org,cscolli1b@github.com,cscolli1b@biglobe.ne.jp,cscolli1b@studiopress.com,cscolli1b@reverbnation.com,cscolli1b@europa.eu,cscolli1b@thetimes.co.uk,cscolli1b@time.com,36987-3215,0179-8019,0409-6629,774-778-2336,205-337-3378,451-677-0681,189-355-1591,564-727-4504,300-269-1740,Apt 1721,6 Merrick Way,Suite 87,42081 Bunting Court,PO Box 39613,28723 Pleasure Avenue,CN,RU,87272 Oakridge Drive,Product Management,Research and Development,Marketing,Legal,Legal,1834,86 Golden Leaf Way,Staff Scientist,Power Generation,CNY,716-05-7227,SPKE
Charles McNair,Leonidas,McNair,cmcnair1c,Gabi,Charles McNair,Bécassine,Raimundo,Margit,Alessandro,cmcnair1c,cmcnair1c,Caspar,Charles,6/16/1965,Male,Apt 1636,4041599090311709,IS,17,Mechanical Systems Engineer,Grundarfjörður,Janyx,Brand Equity,"Shanahan, Howell and Zulauf",2XL,Punjabi,Saxifragaceae,Red-cheeked cordon bleu,cmcnair1c@fastcompany.com,cmcnair1c@wikipedia.org,cmcnair1c@samsung.com,cmcnair1c@opensource.org,cmcnair1c@aol.com,cmcnair1c@creativecommons.org,cmcnair1c@amazon.com,cmcnair1c@deviantart.com,43063-018,0904-6186,41163-949,404-225-3245,949-251-2656,596-445-5937,694-315-4497,797-897-8654,516-261-3589,19th Floor,15293 Hintze Road,Suite 13,829 Thackeray Way,Room 106,41 Dennis Park,FR,NL,25874 Miller Junction,Services,Human Resources,Support,Training,Legal,3991,55727 Columbus Avenue,Financial Advisor,Marine Transportation,EUR,368-82-7207,GLNG
Olly Blaik,Ario,Blaik,oblaik1d,Pembroke,Olly Blaik,Maëlyss,Griz,Jeannette,Dukey,oblaik1d,oblaik1d,Allayne,Olly,5/13/1962,Male,Suite 11,4041592253895584,TW,41,Desktop Support Technician,Beigan Island,Chatterbridge,Petroleum,"Hayes, Haley and Ortiz",XS,Kazakh,Rutaceae,White-browed owl,oblaik1d@businessweek.com,oblaik1d@hubpages.com,oblaik1d@dmoz.org,oblaik1d@ifeng.com,oblaik1d@uol.com.br,oblaik1d@youtu.be,oblaik1d@clickbank.net,oblaik1d@economist.com,67046-092,76329-3390,13537-413,567-254-5288,220-465-9490,788-843-0892,265-651-3428,662-488-0301,230-986-7970,4th Floor,10 Ridgeway Place,PO Box 47507,24805 Melby Avenue,17th Floor,32 Morningstar Street,TH,CN,7406 Bunting Place,Human Resources,Support,Support,Accounting,Sales,64,4 Manley Lane,Marketing Assistant,Industrial Machinery/Components,THB,284-99-4818,KODK
