id,name,age,country
1,Jeramie,Rollings,jrollings0@intel.com
2,Selie,Gilffillan,sgilffillan1@patch.com
3,Suki,Goricke,sgoricke2@telegraph.co.uk
4,Winston,Dorey,wdorey3@java.com
5,Burch,Cosin,bcosin4@huffingtonpost.com
6,Darline,Laffranconi,dlaffranconi5@shareasale.com
7,Margret,Brownhill,mbrownhill6@dell.com
8,Kippy,Goede,kgoede7@yelp.com
9,Rasla,Furneaux,rfurneaux8@tiny.cc
10,Barnard,Alwin,balwin9@earthlink.net
11,Vachel,Ollett,volletta@wikispaces.com
12,Alexander,Govett,agovettb@wired.com
13,Dania,Snuggs,dsnuggsc@i2i.jp
14,Ursa,Minelli,uminellid@surveymonkey.com
15,Valdemar,Sarsfield,vsarsfielde@gizmodo.com
16,Marni,McNab,mmcnabf@yahoo.co.jp
17,Petronille,Antonowicz,pantonowiczg@bing.com
18,Ashlen,Roser,aroserh@sogou.com
19,Tamarra,Spaule,tspaulei@weather.com
20,Rena,Hanhard,rhanhardj@apple.com
21,Herby,Dranfield,hdranfieldk@oaic.gov.au
22,Albertine,Woolhouse,awoolhousel@illinois.edu
23,Charlot,Dodd,cdoddm@google.de
24,Abbi,Milsom,amilsomn@si.edu
25,Lyndsey,Krysztowczyk,lkrysztowczyko@plala.or.jp
26,Addy,Pacht,apachtp@domainmarket.com
27,Wilmette,Preece,wpreeceq@taobao.com
28,Josey,Elsmere,jelsmerer@elpais.com
29,Chandra,Sergant,csergants@edublogs.org
30,Anderson,Broyd,abroydt@homestead.com
31,Joelynn,Wellington,jwellingtonu@squidoo.com
32,Raimundo,Tollett,rtollettv@shareasale.com
33,Tarrah,Mullin,tmullinw@delicious.com
34,Kare,McClaughlin,kmcclaughlinx@php.net
35,Benson,Marshallsay,bmarshallsayy@plala.or.jp
36,Fayina,Beamson,fbeamsonz@cornell.edu
37,Tracey,Silvers,tsilvers10@aboutads.info
38,Dame,Hargey,dhargey11@wordpress.org
39,Mechelle,Curlis,mcurlis12@paginegialle.it
40,Greta,Tweedie,gtweedie13@cbc.ca
41,Gale,Ricketts,gricketts14@deviantart.com
42,Danette,Kilfoyle,dkilfoyle15@ustream.tv
43,Wallie,Ashforth,washforth16@npr.org
44,Doralynn,Botley,dbotley17@salon.com
45,Margarette,Dudley,mdudley18@printfriendly.com
46,Lavinie,Daybell,ldaybell19@rakuten.co.jp
47,Shayla,Buttner,sbuttner1a@feedburner.com
48,Corie,Dechelle,cdechelle1b@spiegel.de
49,Obie,Meiklem,omeiklem1c@usnews.com
50,Garnette,Sowden,gsowden1d@eventbrite.com
51,Kirsteni,Sperring,ksperring1e@desdev.cn
52,Moyra,Ateggart,mateggart1f@mozilla.com
53,Melesa,Varrow,mvarrow1g@state.gov
54,Stacee,Duckett,sduckett1h@shutterfly.com
55,Pepillo,Dutchburn,pdutchburn1i@sina.com.cn
56,Steffen,Tills,stills1j@sina.com.cn
57,Lindy,Talton,ltalton1k@themeforest.net
58,Leoine,Drache,ldrache1l@homestead.com
59,Franzen,Sara,fsara1m@netscape.com
60,Jaye,Quigg,jquigg1n@bing.com
61,Helli,Nellen,hnellen1o@craigslist.org
62,Lorena,Ferruzzi,lferruzzi1p@japanpost.jp
63,Anstice,Semple,asemple1q@addthis.com
64,Dorothea,Svanetti,dsvanetti1r@fc2.com
65,Carole,Speerman,cspeerman1s@soundcloud.com
66,Constanta,Abramson,cabramson1t@fema.gov
67,Marcella,Lunk,mlunk1u@ted.com
68,Janith,Edgeworth,jedgeworth1v@microsoft.com
69,Arda,Rockcliffe,arockcliffe1w@bravesites.com
70,Alva,Speechley,aspeechley1x@gizmodo.com
71,Ripley,O'Geneay,rogeneay1y@rediff.com
72,Isidoro,Gordge,igordge1z@instagram.com
73,Kerwin,Cavie,kcavie20@exblog.jp
74,Salome,Charman,scharman21@alibaba.com
75,Lilli,Forsyde,lforsyde22@cnn.com
76,Nanice,Lago,nlago23@geocities.jp
77,Jessie,Iacovino,jiacovino24@twitpic.com
78,Cammy,Van Salzberger,cvansalzberger25@seesaa.net
79,Darn,Privett,dprivett26@mashable.com
80,Nial,Kelley,nkelley27@ftc.gov
81,Francoise,Arrighini,farrighini28@goodreads.com
82,Clerkclaude,Gavrielly,cgavrielly29@nymag.com
83,Flo,McCrainor,fmccrainor2a@usnews.com
84,Holly,Ramet,hramet2b@hao123.com
85,Wolf,Reburn,wreburn2c@i2i.jp
86,Anjanette,Wyson,awyson2d@blogger.com
87,Mandy,Pratty,mpratty2e@ameblo.jp
88,Fionnula,Wattinham,fwattinham2f@gmpg.org
89,Kathi,Tinsey,ktinsey2g@tinypic.com
90,Harwell,Ovanesian,hovanesian2h@domainmarket.com
91,Paolo,Le Provest,pleprovest2i@ed.gov
92,Alanah,Jolly,ajolly2j@google.com.au
93,Trista,Sperling,tsperling2k@ustream.tv
94,Denyse,Renfree,drenfree2l@wix.com
95,Pietrek,Pavlenko,ppavlenko2m@4shared.com
96,Terri,Picott,tpicott2n@narod.ru
97,Collie,Stuehmeier,cstuehmeier2o@quantcast.com
98,Horatia,Adamec,hadamec2p@tumblr.com
99,Suellen,Choke,schoke2q@prweb.com
100,Hollyanne,Eusden,heusden2r@google.nl
101,Cindie,Alforde,calforde2s@telegraph.co.uk
102,Hugh,Cheine,hcheine2t@theatlantic.com
103,Arlen,Stoven,astoven2u@myspace.com
104,Remington,Tewkesbury,rtewkesbury2v@edublogs.org
105,Laurena,Haville,lhaville2w@goodreads.com
106,Bronnie,Storrs,bstorrs2x@deviantart.com
107,Madelle,Ludman,mludman2y@paypal.com
108,Vivyanne,Melledy,vmelledy2z@friendfeed.com
109,Ashlee,Iannelli,aiannelli30@shop-pro.jp
110,Kayley,Noad,knoad31@ftc.gov
111,Siobhan,Verrillo,sverrillo32@hud.gov
112,Juliet,Doey,jdoey33@usatoday.com
113,Karisa,Sambidge,ksambidge34@mit.edu
114,Lacey,Magowan,lmagowan35@utexas.edu
115,Ossie,Lambotin,olambotin36@google.cn
116,Jordon,Booeln,jbooeln37@angelfire.com
117,Yvon,Courtonne,ycourtonne38@irs.gov
118,Vernen,Parradice,vparradice39@spiegel.de
119,Josephine,Taye,jtaye3a@noaa.gov
120,Connie,Sidnell,csidnell3b@sun.com
121,Shelley,Monteith,smonteith3c@dropbox.com
122,Theodosia,Insley,tinsley3d@typepad.com
123,Johannah,MacPhaden,jmacphaden3e@vinaora.com
124,Kate,Gutman,kgutman3f@unc.edu
125,Marabel,Cheater,mcheater3g@hud.gov
126,Paddy,Quiddington,pquiddington3h@tuttocitta.it
127,Tabbie,Maypowder,tmaypowder3i@shop-pro.jp
128,Lauri,Sunshine,lsunshine3j@google.ru
129,Demetra,Broadbere,dbroadbere3k@europa.eu
130,Sarajane,Cleobury,scleobury3l@eepurl.com
131,Devy,Tortis,dtortis3m@umich.edu
132,Vlad,Gentle,vgentle3n@nhs.uk
133,Carrissa,Jewise,cjewise3o@google.de
134,Brit,Le Barr,blebarr3p@unc.edu
135,Monroe,Hamprecht,mhamprecht3q@who.int
136,Bancroft,Revie,brevie3r@alexa.com
137,Peterus,Cathro,pcathro3s@sfgate.com
138,Merrielle,Itzcovich,mitzcovich3t@slashdot.org
139,Ashlee,Yalden,ayalden3u@intel.com
140,Thomasine,Mooring,tmooring3v@addtoany.com
141,Patience,Symcoxe,psymcoxe3w@freewebs.com
142,Evvie,Aizic,eaizic3x@examiner.com
143,L;urette,Halgarth,lhalgarth3y@wp.com
144,Dannye,Bank,dbank3z@wsj.com
145,Astra,Pember,apember40@who.int
146,Gerek,Gregori,ggregori41@ibm.com
147,Nickolas,Maasz,nmaasz42@apache.org
148,Hillier,Ivy,hivy43@japanpost.jp
149,Conni,Gawthrope,cgawthrope44@bloomberg.com
150,Lil,Pettifer,lpettifer45@bloglovin.com
151,Aline,Bichard,abichard46@arstechnica.com
152,Fleming,Veall,fveall47@prweb.com
153,Eudora,Bulteel,ebulteel48@linkedin.com
154,Jamie,Beldham,jbeldham49@comcast.net
155,Taddeo,Garrick,tgarrick4a@xing.com
156,Chrissy,Oluwatoyin,coluwatoyin4b@yale.edu
157,Fannie,McClune,fmcclune4c@4shared.com
158,Bevin,Furnival,bfurnival4d@stanford.edu
159,Nial,Ditzel,nditzel4e@unicef.org
160,Evyn,Huge,ehuge4f@sciencedaily.com
161,April,Musto,amusto4g@reverbnation.com
162,Henrie,Moller,hmoller4h@slate.com
163,Cary,Boutellier,cboutellier4i@mac.com
164,Rheta,Jochens,rjochens4j@de.vu
165,Zola,Lamcken,zlamcken4k@noaa.gov
166,Ariadne,Butterfint,abutterfint4l@apache.org
167,Veriee,Deighan,vdeighan4m@cdbaby.com
168,Aleta,Figure,afigure4n@amazon.co.jp
169,Emma,Pumfrett,epumfrett4o@vistaprint.com
170,Opal,Espinheira,oespinheira4p@dyndns.org
171,Homerus,Prendeguest,hprendeguest4q@chronoengine.com
172,Kipper,Sante,ksante4r@sun.com
173,Booth,Jori,bjori4s@pagesperso-orange.fr
174,Piper,Dayce,pdayce4t@google.cn
175,Reade,Rate,rrate4u@baidu.com
176,Alexa,Dray,adray4v@tmall.com
177,Barty,Dadge,bdadge4w@jimdo.com
178,Travers,McCauley,tmccauley4x@bandcamp.com
179,Harlen,Farmery,hfarmery4y@blogs.com
180,Naomi,Cromly,ncromly4z@indiegogo.com
181,Annabal,McKennan,amckennan50@mediafire.com
182,Aubree,Henkmann,ahenkmann51@networksolutions.com
183,Georgina,Rolfini,grolfini52@eventbrite.com
184,Emory,McPhater,emcphater53@yandex.ru
185,Jermaine,Barens,jbarens54@si.edu
186,Bea,Crudginton,bcrudginton55@amazon.de
187,Orly,Brereton,obrereton56@marketwatch.com
188,Marcela,Larwood,mlarwood57@nasa.gov
189,Alys,Ivashchenko,aivashchenko58@twitpic.com
190,Reena,Coners,rconers59@oaic.gov.au
191,Paddy,Canby,pcanby5a@aboutads.info
192,Savina,Labbey,slabbey5b@blogspot.com
193,Donelle,Culcheth,dculcheth5c@topsy.com
194,Lisbeth,Tonepohl,ltonepohl5d@mapquest.com
195,Weber,Stittle,wstittle5e@godaddy.com
196,Amity,Koppen,akoppen5f@quantcast.com
197,Aliza,Gallgher,agallgher5g@squarespace.com
198,Rosalinda,Espinola,respinola5h@wikipedia.org
199,Yoko,Tall,ytall5i@paginegialle.it
200,Margette,Puvia,mpuvia5j@usnews.com
201,Tatiania,Veck,tveck5k@merriam-webster.com
202,Denna,Macklin,dmacklin5l@squarespace.com
203,Stewart,Gaize,sgaize5m@livejournal.com
204,Corby,Jablonski,cjablonski5n@cpanel.net
205,Yolande,Yanshonok,yyanshonok5o@networkadvertising.org
206,Alison,Caras,acaras5p@wired.com
207,Florella,Barnshaw,fbarnshaw5q@topsy.com
208,Neala,Juris,njuris5r@cbslocal.com
209,Randolf,Bazire,rbazire5s@go.com
210,Gregory,Batstone,gbatstone5t@opera.com
211,Donalt,Brevitt,dbrevitt5u@cnbc.com
212,Herman,Woolstenholmes,hwoolstenholmes5v@wix.com
213,Valencia,Glyn,vglyn5w@wufoo.com
214,Donny,Dunkerton,ddunkerton5x@phpbb.com
215,Kristian,Morsey,kmorsey5y@biglobe.ne.jp
216,Elna,Clemett,eclemett5z@storify.com
217,Casandra,Delafoy,cdelafoy60@ebay.com
218,Warner,Lebond,wlebond61@cyberchimps.com
219,Eadie,Folley,efolley62@reuters.com
220,Lila,Jehu,ljehu63@histats.com
221,Julietta,Boast,jboast64@jiathis.com
222,Karim,DeSousa,kdesousa65@microsoft.com
223,Jarid,Fice,jfice66@imgur.com
224,Sabra,Gidney,sgidney67@naver.com
225,Mag,Heynen,mheynen68@independent.co.uk
226,Lorettalorna,Raistrick,lraistrick69@alexa.com
227,Cointon,Cosham,ccosham6a@amazon.de
228,Damian,Shepard,dshepard6b@yahoo.co.jp
229,Christoph,Taysbil,ctaysbil6c@smh.com.au
230,Camel,Watsam,cwatsam6d@hc360.com
231,Marge,Vasyushkhin,mvasyushkhin6e@noaa.gov
232,Gerik,Goolding,ggoolding6f@who.int
233,Kristien,Brimble,kbrimble6g@opera.com
234,Leonardo,Skerritt,lskerritt6h@vk.com
235,Svend,Grent,sgrent6i@canalblog.com
236,Hasheem,Scollick,hscollick6j@deliciousdays.com
237,Friedrich,Renn,frenn6k@theglobeandmail.com
238,Ximenes,Bangs,xbangs6l@ning.com
239,Chelsy,Bostick,cbostick6m@google.it
240,Vivi,Humphries,vhumphries6n@jimdo.com
241,Sheelah,Spilsted,sspilsted6o@smugmug.com
242,Ivette,Sutlieff,isutlieff6p@list-manage.com
243,Geoffrey,Allett,gallett6q@behance.net
244,Mildred,Pretorius,mpretorius6r@posterous.com
245,Elayne,Impey,eimpey6s@apache.org
246,Waverly,Noel,wnoel6t@zdnet.com
247,Essa,Richter,erichter6u@bluehost.com
248,Cherilynn,Tilt,ctilt6v@admin.ch
249,Tish,Bradnick,tbradnick6w@studiopress.com
250,Nance,Jeste,njeste6x@e-recht24.de
251,Dyan,Halstead,dhalstead6y@live.com
252,Gifford,Thraves,gthraves6z@sina.com.cn
253,Meghann,Sorensen,msorensen70@github.com
254,Calla,Schroder,cschroder71@sogou.com
255,Carr,Mitchenson,cmitchenson72@hhs.gov
256,Blondell,Gaythwaite,bgaythwaite73@pinterest.com
257,Jacinda,Melhuish,jmelhuish74@pagesperso-orange.fr
258,Margarette,Joslyn,mjoslyn75@addthis.com
259,Torie,Westbrook,twestbrook76@wordpress.org
260,Haley,Pilpovic,hpilpovic77@smh.com.au
261,Shalne,Rolling,srolling78@gmpg.org
262,Carmelle,Horlick,chorlick79@mlb.com
263,Winny,Whilder,wwhilder7a@narod.ru
264,Noni,Croisier,ncroisier7b@mlb.com
265,Ganny,Pestell,gpestell7c@1688.com
266,Tera,Woolland,twoolland7d@studiopress.com
267,Fedora,Orrum,forrum7e@gizmodo.com
268,Benn,Bus,bbus7f@posterous.com
269,Sybil,Filipowicz,sfilipowicz7g@ca.gov
270,Caron,Jozefowicz,cjozefowicz7h@dell.com
271,Sonnie,Pashan,spashan7i@weebly.com
272,Klarrisa,Chaston,kchaston7j@nba.com
273,Sascha,Willimot,swillimot7k@dagondesign.com
274,Zorine,Espadero,zespadero7l@illinois.edu
275,Shayne,Suttling,ssuttling7m@bluehost.com
276,Alyson,Sheldrake,asheldrake7n@bluehost.com
277,Viviana,Fransewich,vfransewich7o@imageshack.us
278,Floria,Oxteby,foxteby7p@facebook.com
279,Kandace,Tyrwhitt,ktyrwhitt7q@indiatimes.com
280,Vi,Ewart,vewart7r@facebook.com
281,Cary,Bunker,cbunker7s@ed.gov
282,Bamby,Udell,budell7t@noaa.gov
283,Barnie,Anderton,banderton7u@trellian.com
284,Kelsey,Gerding,kgerding7v@un.org
285,Gloriana,Garfield,ggarfield7w@google.it
286,Valma,Tresvina,vtresvina7x@marriott.com
287,Alanah,Begg,abegg7y@elegantthemes.com
288,Thorvald,Ricca,tricca7z@scribd.com
289,Margeaux,Oakenfull,moakenfull80@engadget.com
290,Zollie,Harner,zharner81@creativecommons.org
291,Viole,Mungham,vmungham82@si.edu
292,Sharia,McJarrow,smcjarrow83@booking.com
293,Sidonia,Tremaine,stremaine84@buzzfeed.com
294,Teodorico,Laffan,tlaffan85@simplemachines.org
295,Delcine,Murton,dmurton86@omniture.com
296,Monti,Savidge,msavidge87@barnesandnoble.com
297,Shaun,Duester,sduester88@goo.gl
298,Patrizio,Ridpath,pridpath89@walmart.com
299,Pierette,Arnold,parnold8a@craigslist.org
300,Margot,Marchent,mmarchent8b@163.com
301,Yorker,Carnalan,ycarnalan8c@gizmodo.com
302,Dulsea,Shekle,dshekle8d@mapy.cz
303,Kari,Karpychev,kkarpychev8e@biblegateway.com
304,Leonid,Bartosik,lbartosik8f@seattletimes.com
305,Adolf,Ishaki,aishaki8g@webeden.co.uk
306,Mead,Mawhinney,mmawhinney8h@nbcnews.com
307,Hilton,Ronci,hronci8i@skype.com
308,Pate,Scase,pscase8j@so-net.ne.jp
309,Celinda,Dumphy,cdumphy8k@princeton.edu
310,Urson,Keniwell,ukeniwell8l@google.co.uk
311,Bernhard,Nerney,bnerney8m@indiegogo.com
312,Valle,Johananov,vjohananov8n@cbslocal.com
313,Pris,Shottin,pshottin8o@bloglovin.com
314,Sydney,Senechault,ssenechault8p@bigcartel.com
315,Allin,Fenwick,afenwick8q@psu.edu
316,Carolina,Naerup,cnaerup8r@icq.com
317,Konstanze,McQuilliam,kmcquilliam8s@fastcompany.com
318,Melania,Guyver,mguyver8t@accuweather.com
319,Giffie,Casella,gcasella8u@digg.com
320,Garnet,Andrivel,gandrivel8v@amazon.com
321,Shirline,Pennoni,spennoni8w@scientificamerican.com
322,Peggy,Tuite,ptuite8x@yolasite.com
323,Marcille,Linton,mlinton8y@yellowbook.com
324,Flor,Tysall,ftysall8z@google.cn
325,Franklyn,Diggin,fdiggin90@netscape.com
326,Johna,Tregien,jtregien91@constantcontact.com
327,Rockey,Stansbie,rstansbie92@europa.eu
328,Lefty,Escoffrey,lescoffrey93@flickr.com
329,Charin,Willerstone,cwillerstone94@fda.gov
330,Clayborn,Farbrace,cfarbrace95@mysql.com
331,Keir,Masserel,kmasserel96@dell.com
332,Lizzy,Grogona,lgrogona97@seesaa.net
333,Deny,Viveash,dviveash98@dailymotion.com
334,Fawne,Muggeridge,fmuggeridge99@last.fm
335,Jamal,Metterick,jmetterick9a@macromedia.com
336,Irina,Averies,iaveries9b@icq.com
337,Hallsy,Loram,hloram9c@jiathis.com
338,Sibilla,Creser,screser9d@cam.ac.uk
339,Aidan,Jahnel,ajahnel9e@desdev.cn
340,Tades,Houseman,thouseman9f@guardian.co.uk
341,Calv,Elleyne,celleyne9g@cdbaby.com
342,Monique,Stedmond,mstedmond9h@360.cn
343,Earlie,Taill,etaill9i@jimdo.com
344,Tiebold,Witcher,twitcher9j@reddit.com
345,Samson,Ligerton,sligerton9k@smugmug.com
346,Dore,Goodie,dgoodie9l@imgur.com
347,Felecia,Oldam,foldam9m@weebly.com
348,Casar,Spoure,cspoure9n@free.fr
349,Orelee,Marsy,omarsy9o@blogspot.com
350,Rosa,Duffil,rduffil9p@archive.org
351,Daloris,Slowly,dslowly9q@noaa.gov
352,Brodie,Beamond,bbeamond9r@booking.com
353,Caritta,Linny,clinny9s@google.com.hk
354,Dacy,Fulloway,dfulloway9t@google.fr
355,Violante,MacComiskey,vmaccomiskey9u@prlog.org
356,Jessey,Padmore,jpadmore9v@noaa.gov
357,Agata,Gunston,agunston9w@ehow.com
358,Raphael,Meanwell,rmeanwell9x@ihg.com
359,Abelard,Conkay,aconkay9y@mlb.com
360,Laney,Lovejoy,llovejoy9z@squidoo.com
361,Jack,Spellard,jspellarda0@ucsd.edu
362,Antin,Gorini,agorinia1@tripadvisor.com
363,Shepard,Yackiminie,syackiminiea2@earthlink.net
364,Daune,Castagnaro,dcastagnaroa3@exblog.jp
365,Marcella,Petruska,mpetruskaa4@seattletimes.com
366,Laurel,Hutton,lhuttona5@theatlantic.com
367,Eleonora,Ennew,eennewa6@usnews.com
368,Natty,Rickhuss,nrickhussa7@tinypic.com
369,Lucinda,Pinney,lpinneya8@google.ru
370,Kellyann,Draaisma,kdraaismaa9@cbc.ca
371,Shir,Bortoli,sbortoliaa@weebly.com
372,Caty,Mattis,cmattisab@samsung.com
373,Andria,Fanthom,afanthomac@blogger.com
374,Rhett,Stoll,rstollad@dmoz.org
375,Sadie,Marty,smartyae@tmall.com
376,Kathy,Hodgets,khodgetsaf@aol.com
377,Fionna,Permain,fpermainag@artisteer.com
378,Giffy,Lardez,glardezah@imgur.com
379,Rowena,Costen,rcostenai@stumbleupon.com
380,Kasey,Triggs,ktriggsaj@is.gd
381,Marchelle,Euels,meuelsak@loc.gov
382,Hobie,Ticehurst,hticehurstal@mapquest.com
383,Ilyse,Purdey,ipurdeyam@last.fm
384,Alfy,Plows,aplowsan@nba.com
385,Danyette,Tumility,dtumilityao@dmoz.org
386,Farrand,O'Driscole,fodriscoleap@answers.com
387,Lucilia,Bettenson,lbettensonaq@canalblog.com
388,Noak,Dawby,ndawbyar@squidoo.com
389,Laure,Guage,lguageas@merriam-webster.com
390,Tiler,Atyea,tatyeaat@jugem.jp
391,Sigismondo,Sparrow,ssparrowau@pinterest.com
392,Magdaia,MacLucais,mmaclucaisav@i2i.jp
393,Asa,Reinert,areinertaw@reuters.com
394,Tobin,Huddles,thuddlesax@seesaa.net
395,Faustine,Dielhenn,fdielhennay@elegantthemes.com
396,Orren,Dinsell,odinsellaz@telegraph.co.uk
397,Nessie,Pankettman,npankettmanb0@bravesites.com
398,Dion,Greedyer,dgreedyerb1@businessinsider.com
399,Carla,Force,cforceb2@narod.ru
400,Mirna,Rapo,mrapob3@nbcnews.com
401,Darcy,Brinsford,dbrinsfordb4@geocities.jp
402,Demetre,Cumberbatch,dcumberbatchb5@phpbb.com
403,Shanta,O'Currane,socurraneb6@360.cn
404,Georgina,Speeks,gspeeksb7@addthis.com
405,Jessalin,Pithcock,jpithcockb8@fda.gov
406,Ophelie,Kirgan,okirganb9@creativecommons.org
407,Chaunce,Ketley,cketleyba@cornell.edu
408,Novelia,Shortt,nshorttbb@slideshare.net
409,Dusty,Battyll,dbattyllbc@harvard.edu
410,Cosetta,Farrants,cfarrantsbd@google.com.hk
411,Millisent,Tibald,mtibaldbe@taobao.com
412,Britt,Witherow,bwitherowbf@reference.com
413,Petunia,Stobbes,pstobbesbg@nhs.uk
414,Abigail,Bouskill,abouskillbh@sciencedaily.com
415,Patrizia,Goodhall,pgoodhallbi@delicious.com
416,Tonya,Kerans,tkeransbj@ask.com
417,Stearn,Loachhead,sloachheadbk@ovh.net
418,Ginny,Seywood,gseywoodbl@techcrunch.com
419,Benita,Spawton,bspawtonbm@princeton.edu
420,Sheree,Yare,syarebn@wordpress.com
421,Phedra,Podbury,ppodburybo@jiathis.com
422,Leoline,Jacqueminet,ljacqueminetbp@woothemes.com
423,Helena,Pitcaithly,hpitcaithlybq@nps.gov
424,Paige,Lief,pliefbr@walmart.com
425,Jilleen,Trigg,jtriggbs@lycos.com
426,Nickie,Ellacott,nellacottbt@tripadvisor.com
427,Sauveur,Son,ssonbu@adobe.com
428,Isahella,McPeeters,imcpeetersbv@google.nl
429,Arleen,McArte,amcartebw@alexa.com
430,Julieta,Eakly,jeaklybx@statcounter.com
431,Stephie,Treherne,streherneby@discuz.net
432,Shelton,Crang,scrangbz@shop-pro.jp
433,Adrianne,Blanchet,ablanchetc0@google.com.br
434,Brigitta,Terbeck,bterbeckc1@ebay.com
435,Odo,Tuckley,otuckleyc2@google.com
436,Marjie,Mottram,mmottramc3@people.com.cn
437,Shayne,Clemensen,sclemensenc4@japanpost.jp
438,Cosetta,Leist,cleistc5@arstechnica.com
439,Harrie,Goulbourne,hgoulbournec6@themeforest.net
440,Melodee,Abthorpe,mabthorpec7@weather.com
441,Archy,Syrett,asyrettc8@mozilla.org
442,Lelia,Huffy,lhuffyc9@cnet.com
443,Tonie,Binley,tbinleyca@epa.gov
444,Willis,Bleakley,wbleakleycb@ycombinator.com
445,Robena,Fuentes,rfuentescc@linkedin.com
446,Bevvy,Marages,bmaragescd@liveinternet.ru
447,Cortney,Stihl,cstihlce@myspace.com
448,Friedrich,Ballsdon,fballsdoncf@telegraph.co.uk
449,Gwenora,Rickets,gricketscg@prnewswire.com
450,Ardyth,Pickles,apicklesch@reference.com
451,Cross,McKelvey,cmckelveyci@mayoclinic.com
452,Bink,Goode,bgoodecj@berkeley.edu
453,Terese,Vedeneev,tvedeneevck@example.com
454,Byran,Chavey,bchaveycl@ftc.gov
455,Crystal,Sapsforde,csapsfordecm@hostgator.com
456,Rory,Karpfen,rkarpfencn@archive.org
457,Trefor,Walklott,twalklottco@answers.com
458,Herbert,Langhorne,hlanghornecp@businessinsider.com
459,Giulio,Scotfurth,gscotfurthcq@dailymotion.com
460,Lily,Pollastrino,lpollastrinocr@sbwire.com
461,Jamima,Aldiss,jaldisscs@themeforest.net
462,Jodi,Larrosa,jlarrosact@jimdo.com
463,Marguerite,Yearnes,myearnescu@va.gov
464,Bogey,Howe,bhowecv@etsy.com
465,Josias,Trodler,jtrodlercw@shop-pro.jp
466,Gram,Cooksley,gcooksleycx@netvibes.com
467,Chandler,McKeighan,cmckeighancy@blogspot.com
468,Hailee,Annear,hannearcz@thetimes.co.uk
469,Brian,Langcaster,blangcasterd0@latimes.com
470,Lezlie,Pounsett,lpounsettd1@google.co.jp
471,Caresa,Danks,cdanksd2@amazonaws.com
472,Misty,Flucker,mfluckerd3@studiopress.com
473,Rori,Whaley,rwhaleyd4@patch.com
474,Godwin,Patriskson,gpatrisksond5@etsy.com
475,Gamaliel,Hirthe,ghirthed6@bizjournals.com
476,Keenan,Schops,kschopsd7@a8.net
477,Gerianna,Garmon,ggarmond8@vistaprint.com
478,Quintina,Jojic,qjojicd9@scientificamerican.com
479,Eartha,Gonnard,egonnardda@xrea.com
480,Gabi,Donnett,gdonnettdb@mashable.com
481,Tiffany,Cowl,tcowldc@webeden.co.uk
482,Julina,Bramah,jbramahdd@wix.com
483,Angelia,Trundle,atrundlede@is.gd
484,Burlie,Griffoen,bgriffoendf@pagesperso-orange.fr
485,Misti,Wagen,mwagendg@prlog.org
486,Brock,Perham,bperhamdh@drupal.org
487,Heinrik,Lippett,hlippettdi@sfgate.com
488,Alicea,Franz,afranzdj@hexun.com
489,Bibbie,Kerry,bkerrydk@example.com
490,Benjy,Grover,bgroverdl@squarespace.com
491,Audry,Dimbylow,adimbylowdm@census.gov
492,Eudora,Bernasek,ebernasekdn@nytimes.com
493,Homer,Bourgeois,hbourgeoisdo@freewebs.com
494,Randie,Lacrouts,rlacroutsdp@hatena.ne.jp
495,Diego,Kilfeather,dkilfeatherdq@rambler.ru
496,Loralyn,Bracco,lbraccodr@squidoo.com
497,Dulsea,Gloy,dgloyds@sakura.ne.jp
498,Farrel,Blankau,fblankaudt@people.com.cn
499,Moshe,Berresford,mberresforddu@e-recht24.de
500,Ellary,Sholl,esholldv@linkedin.com
501,Saba,Kohring,skohringdw@umich.edu
502,Frederic,Labba,flabbadx@google.nl
503,Cosimo,Pettyfar,cpettyfardy@cargocollective.com
504,Anthony,Ivison,aivisondz@bluehost.com
505,Veronika,Peris,vperise0@abc.net.au
506,Vergil,Freathy,vfreathye1@gov.uk
507,Ignace,Harewood,iharewoode2@edublogs.org
508,Koren,Portch,kportche3@sciencedirect.com
509,Lexis,Liebermann,lliebermanne4@si.edu
510,Marcelo,Conkie,mconkiee5@so-net.ne.jp
511,Brunhilda,Emtage,bemtagee6@cmu.edu
512,Verina,Travers,vtraverse7@mapy.cz
513,Morgen,Green,mgreene8@vk.com
514,Stephenie,Wabersich,swabersiche9@cam.ac.uk
515,Kimberlee,Jeacock,kjeacockea@hatena.ne.jp
516,Giulietta,Hrachovec,ghrachoveceb@icq.com
517,Ara,Sidary,asidaryec@123-reg.co.uk
518,Ardenia,Biaggi,abiaggied@slashdot.org
519,Bryon,Windibank,bwindibankee@hud.gov
520,Roscoe,Bodle,rbodleef@ed.gov
521,Jordan,Baytrop,jbaytropeg@360.cn
522,Myrle,Bahls,mbahlseh@craigslist.org
523,Angela,McBoyle,amcboyleei@forbes.com
524,Ebeneser,Scedall,escedallej@macromedia.com
525,Morgen,Durman,mdurmanek@blinklist.com
526,Tandie,Lotte,tlotteel@4shared.com
527,Christoper,Oakenfall,coakenfallem@oakley.com
528,Magdalene,Ekkel,mekkelen@seesaa.net
529,Markos,Summerill,msummerilleo@newsvine.com
530,Amandy,Puttan,aputtanep@joomla.org
531,Idalia,Kinnin,ikinnineq@telegraph.co.uk
532,Suzanna,Rate,srateer@vkontakte.ru
533,Cornela,Tortoishell,ctortoishelles@hud.gov
534,Stephanus,Caudell,scaudellet@addtoany.com
535,Christian,Ferrarello,cferrarelloeu@123-reg.co.uk
536,Ludwig,McIlory,lmciloryev@epa.gov
537,Hillard,Sandes,hsandesew@sitemeter.com
538,Whit,Bass,wbassex@unc.edu
539,Kalie,Marjanovic,kmarjanovicey@marriott.com
540,Reba,Finch,rfinchez@google.nl
541,Susanna,Emslie,semslief0@soup.io
542,Gwenette,Latus,glatusf1@ustream.tv
543,Zabrina,Vamplew,zvamplewf2@weather.com
544,Mariann,Clews,mclewsf3@digg.com
545,Franz,Spuner,fspunerf4@blogspot.com
546,Hamil,Guerrieri,hguerrierif5@msu.edu
547,Gabbie,Braysher,gbraysherf6@tripadvisor.com
548,Jacinda,Arnaudot,jarnaudotf7@dion.ne.jp
549,Ashton,De Mitris,ademitrisf8@yahoo.com
550,Abba,Pauly,apaulyf9@admin.ch
551,Geordie,Ciccotti,gciccottifa@deviantart.com
552,Eamon,Ofer,eoferfb@bloglovin.com
553,Rozina,Kimbrough,rkimbroughfc@nasa.gov
554,Aldin,Calderonello,acalderonellofd@yahoo.co.jp
555,Bruce,Abelevitz,babelevitzfe@opensource.org
556,Rusty,Maymond,rmaymondff@sourceforge.net
557,Luca,Langfitt,llangfittfg@wikia.com
558,Merwin,Silliman,msillimanfh@quantcast.com
559,Etta,Padginton,epadgintonfi@bbc.co.uk
560,Patrice,Manford,pmanfordfj@harvard.edu
561,Odessa,Comolli,ocomollifk@meetup.com
562,Sonni,Yegorchenkov,syegorchenkovfl@google.nl
563,Deana,Holde,dholdefm@nhs.uk
564,Lawrence,Beynkn,lbeynknfn@cbsnews.com
565,Gratia,Christoffels,gchristoffelsfo@ftc.gov
566,Murry,Muirden,mmuirdenfp@ted.com
567,Glenden,Zini,gzinifq@mozilla.org
568,Nona,Rance,nrancefr@jugem.jp
569,Burnard,Blaschek,bblaschekfs@ask.com
570,Tanny,Wase,twaseft@oaic.gov.au
571,Aubine,Shepard,ashepardfu@virginia.edu
572,Dud,De Morena,ddemorenafv@issuu.com
573,Lelah,Danihel,ldanihelfw@alexa.com
574,Reagen,Lundberg,rlundbergfx@diigo.com
575,Shari,Showers,sshowersfy@biglobe.ne.jp
576,Mannie,McIlheran,mmcilheranfz@trellian.com
577,Koenraad,Tribble,ktribbleg0@netlog.com
578,Ilene,Nunn,inunng1@ft.com
579,Jarid,Elsmor,jelsmorg2@wix.com
580,Hansiain,Tregoning,htregoningg3@timesonline.co.uk
581,Winfield,Roney,wroneyg4@google.it
582,Philippine,Simmonett,psimmonettg5@ucla.edu
583,Miguela,McBeath,mmcbeathg6@barnesandnoble.com
584,Gabbi,Faudrie,gfaudrieg7@admin.ch
585,Renee,Wickersham,rwickershamg8@deliciousdays.com
586,Stepha,Sparway,ssparwayg9@diigo.com
587,Brade,Vango,bvangoga@cyberchimps.com
588,Ulrikaumeko,McMichael,umcmichaelgb@list-manage.com
589,Alexandros,Ponton,apontongc@github.io
590,Florian,Dainter,fdaintergd@lycos.com
591,Taylor,McGuckin,tmcguckinge@yahoo.co.jp
592,Matthieu,Collens,mcollensgf@4shared.com
593,Jacquelin,Robroe,jrobroegg@1688.com
594,Kendre,Clemenza,kclemenzagh@weebly.com
595,Ophelia,McClymond,omcclymondgi@techcrunch.com
596,Hayden,Gilffillan,hgilffillangj@ucoz.com
597,Elmo,Bingham,ebinghamgk@cnet.com
598,Hillel,Garwood,hgarwoodgl@wikipedia.org
599,Trenna,Craufurd,tcraufurdgm@hibu.com
600,Miquela,Ferandez,mferandezgn@businessweek.com
601,Valina,Brunton,vbruntongo@umich.edu
602,Berrie,Hasloch,bhaslochgp@artisteer.com
603,Corny,Wiper,cwipergq@devhub.com
604,Willette,McQuie,wmcquiegr@nifty.com
605,Dolli,Smeed,dsmeedgs@weebly.com
606,Goldina,Mehmet,gmehmetgt@ebay.co.uk
607,Winnah,Slowan,wslowangu@topsy.com
608,Thorin,Moody,tmoodygv@comcast.net
609,Lexine,Drewett,ldrewettgw@live.com
610,Cazzie,Dawbery,cdawberygx@nsw.gov.au
611,Ashley,Dudson,adudsongy@pcworld.com
612,Zarah,Bigley,zbigleygz@linkedin.com
613,Dene,Giannoni,dgiannonih0@ucla.edu
614,Vernor,Hexum,vhexumh1@cocolog-nifty.com
615,Enriqueta,Dunsmuir,edunsmuirh2@liveinternet.ru
616,Jacquenette,Giraldon,jgiraldonh3@feedburner.com
617,Emmanuel,Bixley,ebixleyh4@yelp.com
618,Rosalynd,McKinley,rmckinleyh5@liveinternet.ru
619,La verne,Sherrock,lsherrockh6@histats.com
620,Bev,Nitto,bnittoh7@blogspot.com
621,Urban,Borrott,uborrotth8@pbs.org
622,Gael,Simione,gsimioneh9@google.com.hk
623,Ferguson,Purcell,fpurcellha@sbwire.com
624,Fayth,Fenney,ffenneyhb@g.co
625,Anatole,Mattiussi,amattiussihc@pcworld.com
626,Llywellyn,Jambrozek,ljambrozekhd@noaa.gov
627,Ferris,Tefft,fteffthe@zdnet.com
628,Ericha,Duffell,eduffellhf@aboutads.info
629,Gray,Randal,grandalhg@stumbleupon.com
630,Winnifred,Clendening,wclendeninghh@t-online.de
631,Eal,Vigar,evigarhi@stanford.edu
632,Eula,Bortoletti,ebortolettihj@weather.com
633,Annadiane,Thornhill,athornhillhk@prweb.com
634,Boone,Glassard,bglassardhl@ft.com
635,Gideon,Larkins,glarkinshm@phoca.cz
636,Colver,Ashpital,cashpitalhn@naver.com
637,Alistair,Crosfeld,acrosfeldho@about.me
638,Dion,Tufts,dtuftshp@mac.com
639,Bradley,Allatt,ballatthq@slideshare.net
640,Ilysa,Garn,igarnhr@networksolutions.com
641,Elle,Spelsbury,espelsburyhs@hhs.gov
642,Gerianne,Schild,gschildht@cbslocal.com
643,Ruby,Stickens,rstickenshu@google.es
644,Richy,Hairyes,rhairyeshv@w3.org
645,Kip,Gerrit,kgerrithw@so-net.ne.jp
646,Ryann,Mushawe,rmushawehx@jugem.jp
647,Rowena,Rossey,rrosseyhy@1und1.de
648,Farra,Prandini,fprandinihz@unesco.org
649,Krispin,Hedman,khedmani0@businessinsider.com
650,Gilligan,Caney,gcaneyi1@shareasale.com
651,Hakim,Dumbrell,hdumbrelli2@dell.com
652,Adrian,Castellani,acastellanii3@theglobeandmail.com
653,Cooper,Fencott,cfencotti4@phoca.cz
654,Fabien,Gyorffy,fgyorffyi5@soup.io
655,Germaine,Sholl,gsholli6@bbc.co.uk
656,Haley,Sorensen,hsorenseni7@slashdot.org
657,Dorita,Dalyiel,ddalyieli8@google.com.au
658,Abbot,Megroff,amegroffi9@latimes.com
659,Bea,Shimwall,bshimwallia@dailymotion.com
660,Cally,Betts,cbettsib@discovery.com
661,Tuck,Dohmann,tdohmannic@people.com.cn
662,Cesya,McGillivrie,cmcgillivrieid@oracle.com
663,Brigid,Paraman,bparamanie@examiner.com
664,Lenka,Kybert,lkybertif@technorati.com
665,Harald,Strode,hstrodeig@ucsd.edu
666,Libbey,Whittet,lwhittetih@google.com.br
667,Jere,Scotcher,jscotcherii@nifty.com
668,Erv,Boak,eboakij@hp.com
669,Gavrielle,MacDaid,gmacdaidik@edublogs.org
670,Mathias,Chattoe,mchattoeil@netvibes.com
671,Xylina,Beddoes,xbeddoesim@friendfeed.com
672,Giordano,Metzke,gmetzkein@macromedia.com
673,Otho,Pfeffer,opfefferio@cornell.edu
674,Lynne,Worssam,lworssamip@dedecms.com
675,Pieter,Priestley,ppriestleyiq@aol.com
676,Cole,Evered,ceveredir@state.tx.us
677,Selene,Pavlata,spavlatais@mozilla.org
678,Blondell,Boerderman,bboerdermanit@ucoz.ru
679,Fraser,Janku,fjankuiu@mlb.com
680,Magdalen,Pitson,mpitsoniv@wired.com
681,Dame,Swalough,dswaloughiw@paypal.com
682,Enrico,Alden,ealdenix@google.de
683,Mohandis,Rowsell,mrowselliy@sogou.com
684,Lucio,Challenor,lchallenoriz@forbes.com
685,Willem,Bindin,wbindinj0@geocities.com
686,Nana,Milnes,nmilnesj1@github.com
687,Herrick,Allberry,hallberryj2@clickbank.net
688,Sibbie,Cunliffe,scunliffej3@ucla.edu
689,Sarine,Janew,sjanewj4@com.com
690,Dennie,Harmes,dharmesj5@wufoo.com
691,Modesty,Overil,moverilj6@opensource.org
692,Ulrick,Watting,uwattingj7@wix.com
693,Issiah,Yakuntsov,iyakuntsovj8@hexun.com
694,Mabelle,Liddiatt,mliddiattj9@home.pl
695,Joelle,Posselt,jposseltja@godaddy.com
696,Natty,Colly,ncollyjb@feedburner.com
697,Federica,Schuricke,fschurickejc@google.nl
698,Wallace,Stennett,wstennettjd@netlog.com
699,Joaquin,Ivanonko,jivanonkoje@wisc.edu
700,Rodolfo,Farmer,rfarmerjf@pinterest.com
701,Ashia,Avrashin,aavrashinjg@dyndns.org
702,Reine,Paddingdon,rpaddingdonjh@istockphoto.com
703,Ashlen,Ewer,aewerji@homestead.com
704,Fabio,Croser,fcroserjj@hud.gov
705,Jodie,Faulconbridge,jfaulconbridgejk@prlog.org
706,Hanan,Reid,hreidjl@1und1.de
707,Jessie,Whitbread,jwhitbreadjm@mapquest.com
708,Vinita,Blanch,vblanchjn@g.co
709,Pernell,Craddock,pcraddockjo@so-net.ne.jp
710,Caterina,Powling,cpowlingjp@independent.co.uk
711,Florette,Hannabuss,fhannabussjq@ebay.com
712,Gilli,Labuschagne,glabuschagnejr@edublogs.org
713,Herve,Hilldrup,hhilldrupjs@nationalgeographic.com
714,Elane,Sutlieff,esutlieffjt@comcast.net
715,Marthena,Older,molderju@jalbum.net
716,George,Gytesham,ggyteshamjv@webeden.co.uk
717,Averyl,Mattinson,amattinsonjw@weather.com
718,Caralie,Loffhead,cloffheadjx@apple.com
719,Cole,Gillogley,cgillogleyjy@princeton.edu
720,Randall,Bullman,rbullmanjz@wordpress.org
721,Lydie,Losseljong,llosseljongk0@geocities.jp
722,Chickie,Seaman,cseamank1@vimeo.com
723,Diana,Fante,dfantek2@ovh.net
724,Elias,Hayesman,ehayesmank3@adobe.com
725,Elga,Crouse,ecrousek4@meetup.com
726,Minta,McCullouch,mmccullouchk5@home.pl
727,Kitti,Maymond,kmaymondk6@infoseek.co.jp
728,Perrine,Luc,pluck7@vimeo.com
729,Meriel,Kentish,mkentishk8@studiopress.com
730,Virginia,Ropp,vroppk9@nsw.gov.au
731,Ichabod,Honniebal,ihonniebalka@bravesites.com
732,Aleta,Abelov,aabelovkb@webnode.com
733,Amalee,Keelan,akeelankc@sciencedaily.com
734,Mike,Robun,mrobunkd@google.es
735,Tommie,Ransfield,transfieldke@nba.com
736,Rem,Rapin,rrapinkf@booking.com
737,Olivette,Vanichev,ovanichevkg@fda.gov
738,Allister,Dietzler,adietzlerkh@archive.org
739,Richy,Veljes,rveljeski@typepad.com
740,Wendi,McGiff,wmcgiffkj@fastcompany.com
741,Sly,Sleep,ssleepkk@pen.io
742,Marylou,Gooddy,mgooddykl@rakuten.co.jp
743,Edmon,Bilbrey,ebilbreykm@comcast.net
744,Cobb,Mournian,cmourniankn@yale.edu
745,Ellsworth,Pettie,epettieko@pbs.org
746,Cornall,Brownlow,cbrownlowkp@acquirethisname.com
747,Debi,Loughrey,dloughreykq@elegantthemes.com
748,Gaelan,McIlvoray,gmcilvoraykr@mapy.cz
749,Gina,Reicherz,greicherzks@macromedia.com
750,Angelle,Talloe,atalloekt@umich.edu
751,Remington,Hornung,rhornungku@is.gd
752,Hertha,Parramore,hparramorekv@bloomberg.com
753,Maggie,McGillicuddy,mmcgillicuddykw@yelp.com
754,Sarine,Mayzes,smayzeskx@ed.gov
755,Kippy,Walework,kwaleworkky@senate.gov
756,Brier,Fancutt,bfancuttkz@altervista.org
757,Bil,Connechie,bconnechiel0@jimdo.com
758,Pearline,Buckland,pbucklandl1@nps.gov
759,Jacqui,Dulton,jdultonl2@pcworld.com
760,Durward,Hughland,dhughlandl3@google.cn
761,Roderic,Botte,rbottel4@shop-pro.jp
762,Enrico,Kidwell,ekidwelll5@bizjournals.com
763,Fayina,Stannion,fstannionl6@google.es
764,Nicolas,Beldom,nbeldoml7@sakura.ne.jp
765,Steven,Dominelli,sdominellil8@gizmodo.com
766,Hamish,Jeff,hjeffl9@etsy.com
767,Fredi,Mathison,fmathisonla@berkeley.edu
768,Eduino,California,ecalifornialb@furl.net
769,Chrissie,Elington,celingtonlc@taobao.com
770,Reginauld,Gheorghescu,rgheorghesculd@cmu.edu
771,Beck,Dodding,bdoddingle@webs.com
772,Nahum,Jouen,njouenlf@odnoklassniki.ru
773,Jacquenette,Miell,jmielllg@discovery.com
774,Malynda,Morter,mmorterlh@sciencedaily.com
775,Amil,Emptage,aemptageli@pagesperso-orange.fr
776,Foss,Doerling,fdoerlinglj@youku.com
777,Berti,Bruckman,bbruckmanlk@pbs.org
778,Tatiania,Iggulden,tigguldenll@imgur.com
779,Adair,Rylance,arylancelm@tiny.cc
780,Dalenna,Witherden,dwitherdenln@altervista.org
781,Evita,Squire,esquirelo@stumbleupon.com
782,Mariska,Matley,mmatleylp@fotki.com
783,Marline,Guinn,mguinnlq@ezinearticles.com
784,Colby,Becke,cbeckelr@clickbank.net
785,Martita,McGerr,mmcgerrls@independent.co.uk
786,Ebba,Dudson,edudsonlt@businesswire.com
787,Rodolph,Paudin,rpaudinlu@craigslist.org
788,Timi,Swinford,tswinfordlv@census.gov
789,Myrvyn,Pallasch,mpallaschlw@imdb.com
790,Blaire,Flew,bflewlx@canalblog.com
791,Byron,Stocky,bstockyly@yandex.ru
792,Heath,Bus,hbuslz@guardian.co.uk
793,Mehetabel,Went,mwentm0@tripadvisor.com
794,Melinde,Geck,mgeckm1@ucoz.ru
795,Lev,Zum Felde,lzumfeldem2@illinois.edu
796,Glyn,Sired,gsiredm3@yelp.com
797,Darwin,Wilkowski,dwilkowskim4@nps.gov
798,Celestyna,Licas,clicasm5@bing.com
799,Lowrance,Dobbing,ldobbingm6@163.com
800,Byran,Firmin,bfirminm7@boston.com
801,Cherish,Colin,ccolinm8@loc.gov
802,Marguerite,Levesley,mlevesleym9@google.cn
803,Manon,Folland,mfollandma@aol.com
804,Wood,Zanre,wzanremb@w3.org
805,Lani,Slym,lslymmc@xinhuanet.com
806,Rania,Tear,rtearmd@blinklist.com
807,Giraud,O' Quirk,goquirkme@oaic.gov.au
808,Cymbre,Tappor,ctappormf@tmall.com
809,Tamiko,Di Carlo,tdicarlomg@biglobe.ne.jp
810,Roderich,Raper,rrapermh@is.gd
811,Waly,Gipp,wgippmi@imageshack.us
812,Ulrika,Dederick,udederickmj@multiply.com
813,Virgina,Nizet,vnizetmk@bing.com
814,Madelene,Firebrace,mfirebraceml@nbcnews.com
815,Erinn,Inchley,einchleymm@nasa.gov
816,Abner,Bagshawe,abagshawemn@unicef.org
817,Patrizia,Meyer,pmeyermo@cisco.com
818,Hermon,Nind,hnindmp@yellowbook.com
819,Chelsae,Seabright,cseabrightmq@ustream.tv
820,Josefina,Andreacci,jandreaccimr@uol.com.br
821,Rozamond,Doram,rdoramms@odnoklassniki.ru
822,Truda,Hrinishin,thrinishinmt@wp.com
823,Miranda,Burge,mburgemu@posterous.com
824,Eric,Ascrofte,eascroftemv@bbb.org
825,Sky,Gunson,sgunsonmw@sciencedirect.com
826,Hortense,Peggram,hpeggrammx@imgur.com
827,Engelbert,Mitchinson,emitchinsonmy@naver.com
828,Marj,Bratcher,mbratchermz@marriott.com
829,Jennee,Petford,jpetfordn0@yellowbook.com
830,Sheila-kathryn,Duckers,sduckersn1@feedburner.com
831,Octavia,Margarson,omargarsonn2@economist.com
832,Jsandye,Renison,jrenisonn3@ycombinator.com
833,Conrade,Roddell,croddelln4@ihg.com
834,Huntington,Gartery,hgarteryn5@xinhuanet.com
835,Tirrell,Treamayne,ttreamaynen6@exblog.jp
836,Casey,Dalgliesh,cdalglieshn7@nydailynews.com
837,Prudence,Ingerman,pingermann8@bandcamp.com
838,Kate,Dinnington,kdinningtonn9@reddit.com
839,Bryanty,Lambrechts,blambrechtsna@constantcontact.com
840,Belinda,Caddy,bcaddynb@amazon.de
841,Morty,Stroton,mstrotonnc@archive.org
842,Pietro,O'Duggan,poduggannd@wikispaces.com
843,Skippy,Dilawey,sdilaweyne@is.gd
844,Lucius,Matonin,lmatoninnf@godaddy.com
845,Sibyl,Vel,svelng@uiuc.edu
846,Sisely,Ducroe,sducroenh@earthlink.net
847,Berenice,Brooker,bbrookerni@flavors.me
848,Alfi,Stiffkins,astiffkinsnj@dagondesign.com
849,Clari,Boyne,cboynenk@cisco.com
850,Farleigh,Hoff,fhoffnl@hc360.com
851,Clem,Fahrenbacher,cfahrenbachernm@cnet.com
852,Benyamin,Dawidowsky,bdawidowskynn@wunderground.com
853,Tommie,Yorke,tyorkeno@bandcamp.com
854,Wynn,D'Antoni,wdantoninp@myspace.com
855,Faulkner,Epelett,fepelettnq@skype.com
856,Oswell,Tanti,otantinr@washingtonpost.com
857,Rolf,Dobrowolski,rdobrowolskins@europa.eu
858,Tobe,Gentric,tgentricnt@ibm.com
859,Faydra,Ripper,frippernu@e-recht24.de
860,Palmer,Aneley,paneleynv@nsw.gov.au
861,Celestina,Darko,cdarkonw@gravatar.com
862,Darius,Hammerman,dhammermannx@wiley.com
863,Adolphe,Canape,acanapeny@bloglovin.com
864,Gannon,Zanni,gzanninz@seattletimes.com
865,Margit,Meriot,mmerioto0@businessweek.com
866,Flossy,Brydie,fbrydieo1@addthis.com
867,Abbey,Midford,amidfordo2@naver.com
868,Clerissa,Edel,cedelo3@canalblog.com
869,Felecia,Jerrom,fjerromo4@opensource.org
870,Norrie,Riglesford,nriglesfordo5@plala.or.jp
871,Franny,Ovenden,fovendeno6@histats.com
872,Flo,Rivallant,frivallanto7@gnu.org
873,Dalia,Shovel,dshovelo8@webmd.com
874,Kara,Effnert,keffnerto9@utexas.edu
875,Ellswerth,Beneyto,ebeneytooa@php.net
876,Agnes,Cancelier,acancelierob@netlog.com
877,Noel,Copp,ncoppoc@51.la
878,Elwood,Vitall,evitallod@netlog.com
879,Karlens,Sollom,ksollomoe@usatoday.com
880,Barrett,Milborn,bmilbornof@vinaora.com
881,Jesus,Whitrod,jwhitrodog@vistaprint.com
882,Bella,Iggo,biggooh@exblog.jp
883,Carma,Edrich,cedrichoi@bing.com
884,Doralia,Heinritz,dheinritzoj@cocolog-nifty.com
885,Reynard,Chambers,rchambersok@wikimedia.org
886,Virgina,Lecky,vleckyol@soundcloud.com
887,Rollin,Mashal,rmashalom@instagram.com
888,Yoshi,Di Giacomo,ydigiacomoon@ted.com
889,Brittney,Pannett,bpannettoo@discovery.com
890,Kay,Bisset,kbissetop@mysql.com
891,Christophe,Rubenfeld,crubenfeldoq@ocn.ne.jp
892,Mara,Catherine,mcatherineor@smugmug.com
893,Alessandra,Fowlds,afowldsos@hhs.gov
894,Libbey,Edsall,ledsallot@tripod.com
895,Pammy,Neeve,pneeveou@netvibes.com
896,Anthia,Feifer,afeiferov@foxnews.com
897,Germain,Brydie,gbrydieow@w3.org
898,Allix,Plank,aplankox@google.ca
899,Chad,Clemanceau,cclemanceauoy@yelp.com
900,Celia,Chidgey,cchidgeyoz@globo.com
901,Redford,Coffey,rcoffeyp0@devhub.com
902,Willa,Crossingham,wcrossinghamp1@cafepress.com
903,Pryce,Paulus,ppaulusp2@shutterfly.com
904,Tiffi,Dunkirk,tdunkirkp3@youku.com
905,Irvine,Ferrers,iferrersp4@addtoany.com
906,Mirabelle,Percy,mpercyp5@deliciousdays.com
907,Torrence,Lillee,tlilleep6@seesaa.net
908,Bernie,Porte,bportep7@google.fr
909,Daveta,Taffs,dtaffsp8@youtube.com
910,Herb,Esome,hesomep9@comsenz.com
911,Rois,Hunting,rhuntingpa@latimes.com
912,Payton,Beaby,pbeabypb@arizona.edu
913,Gabrielle,Scarce,gscarcepc@fastcompany.com
914,Sandra,von Hagt,svonhagtpd@mysql.com
915,Kingsly,Holyland,kholylandpe@behance.net
916,Aleece,Bonanno,abonannopf@godaddy.com
917,Tyrus,Hatzar,thatzarpg@edublogs.org
918,Aldus,Constantine,aconstantineph@zdnet.com
919,Harwell,Maltman,hmaltmanpi@feedburner.com
920,Bjorn,Josuweit,bjosuweitpj@smh.com.au
921,Karola,Rein,kreinpk@360.cn
922,Griz,McKinstry,gmckinstrypl@histats.com
923,Dermot,Ollis,dollispm@businessinsider.com
924,Leta,Castenda,lcastendapn@netlog.com
925,Annelise,Blindermann,ablindermannpo@gnu.org
926,Klaus,Idiens,kidienspp@statcounter.com
927,Vale,Johananov,vjohananovpq@eventbrite.com
928,Estevan,Keyworth,ekeyworthpr@nymag.com
929,Katha,Rawcliffe,krawcliffeps@nih.gov
930,Glenna,Giberd,ggiberdpt@cnet.com
931,Augustin,Burchess,aburchesspu@4shared.com
932,Lanie,Giraudat,lgiraudatpv@oracle.com
933,Carlina,Pantridge,cpantridgepw@google.pl
934,Theadora,Briscow,tbriscowpx@wikispaces.com
935,Gauthier,Willoughey,gwillougheypy@economist.com
936,Eveline,Maytum,emaytumpz@apple.com
937,Gayler,Leguay,gleguayq0@dagondesign.com
938,Evita,Giddens,egiddensq1@comsenz.com
939,Ajay,Gianetti,agianettiq2@photobucket.com
940,Harland,Skatcher,hskatcherq3@nps.gov
941,Sherline,Brightwell,sbrightwellq4@whitehouse.gov
942,Estella,Khristoforov,ekhristoforovq5@walmart.com
943,Arvy,Calderhead,acalderheadq6@instagram.com
944,Rustie,Obbard,robbardq7@macromedia.com
945,Joly,Weddup,jweddupq8@yale.edu
946,Ashleigh,Taig,ataigq9@youtu.be
947,Vernice,Sailes,vsailesqa@dmoz.org
948,Domingo,Dowse,ddowseqb@examiner.com
949,Shirlee,O'Hallagan,sohallaganqc@addtoany.com
950,Culver,Harroway,charrowayqd@archive.org
951,Rosaleen,Krugmann,rkrugmannqe@youtube.com
952,Alfonse,Caldeiro,acaldeiroqf@hhs.gov
953,Ruy,Glenfield,rglenfieldqg@globo.com
954,Elvera,Winder,ewinderqh@toplist.cz
955,Arielle,Bourgourd,abourgourdqi@163.com
956,Leigh,Knightsbridge,lknightsbridgeqj@tmall.com
957,Ivie,Hurlin,ihurlinqk@wunderground.com
958,Luelle,MacTerlagh,lmacterlaghql@soundcloud.com
959,Hillyer,Napoleon,hnapoleonqm@trellian.com
960,Christiane,Kirlin,ckirlinqn@imdb.com
961,Marshall,Vondrasek,mvondrasekqo@cnet.com
962,Blondell,Duckering,bduckeringqp@people.com.cn
963,Johnath,Streeting,jstreetingqq@acquirethisname.com
964,Haze,Trenoweth,htrenowethqr@engadget.com
965,Margarethe,Wilds,mwildsqs@dell.com
966,Wilt,Seifenmacher,wseifenmacherqt@youtube.com
967,Seumas,Yerrill,syerrillqu@wix.com
968,Mirilla,Hyder,mhyderqv@ning.com
969,Myranda,Gorrick,mgorrickqw@nih.gov
970,Dulsea,Lantoph,dlantophqx@blogspot.com
971,Simeon,Burnitt,sburnittqy@earthlink.net
972,Bettine,Chuter,bchuterqz@unesco.org
973,Wenonah,Russon,wrussonr0@illinois.edu
974,Tucky,Douthwaite,tdouthwaiter1@squarespace.com
975,Ransell,Fairpo,rfairpor2@princeton.edu
976,Lishe,Lindl,llindlr3@imageshack.us
977,Karlie,Stobbs,kstobbsr4@cmu.edu
978,Helena,Najera,hnajerar5@irs.gov
979,Roseanna,Castanares,rcastanaresr6@mapy.cz
980,Eb,Long,elongr7@pagesperso-orange.fr
981,Marjie,Kenway,mkenwayr8@jiathis.com
982,Dennison,Beckworth,dbeckworthr9@imdb.com
983,Erny,Bramford,ebramfordra@sphinn.com
984,Urbanus,Aldrick,ualdrickrb@youku.com
985,Hilly,Binny,hbinnyrc@fda.gov
986,Gloriane,Keynes,gkeynesrd@abc.net.au
987,Karney,Sills,ksillsre@wsj.com
988,Aguistin,Theyer,atheyerrf@soundcloud.com
989,Jacklin,Twitching,jtwitchingrg@360.cn
990,Cecelia,Zorzetti,czorzettirh@sourceforge.net
991,Sayers,Gallyon,sgallyonri@ebay.co.uk
992,Carlos,Kleeborn,ckleebornrj@cnet.com
993,Rivy,Stent,rstentrk@goodreads.com
994,Corena,Kolyagin,ckolyaginrl@myspace.com
995,Libbie,Gemmill,lgemmillrm@state.gov
996,Ana,Fairhall,afairhallrn@hhs.gov
997,Brnaby,Blight,bblightro@mit.edu
998,Julia,Tolland,jtollandrp@ox.ac.uk
999,Vern,Walworche,vwalworcherq@cornell.edu
1000,Isa,Nance,inancerr@seattletimes.com
